,contrast,dissimilarity,homogeneity,ASM,energy,correlation,SRE,LRE,GLU,RLU,RPC,class
0,1575.1009754917768,19.50683247339568,0.6366429072403889,0.20717124689495361,0.45516068250119496,0.8833736546900309,1.689,1798.881,3501.078,28358.894,39.208,0
1,1507.3890781199611,19.579651725249917,0.6308415370490643,0.20747697165742493,0.4554964013660535,0.8918278520363424,1.691,1833.233,3492.157,28625.825,39.316,0
2,1288.6680405514353,18.183972911963885,0.6423261819507612,0.22419413699853136,0.47349143286709144,0.9054879917014804,1.626,2016.729,3647.28,26321.974,37.666,0
3,1111.119427200903,16.685141889712998,0.6599146782650631,0.24242448987372894,0.4923662152034083,0.9118186702374415,1.551,2338.977,3928.393,23145.349,34.988,0
4,969.727426636569,16.02051757497582,0.6461923468352747,0.1933101902990248,0.4396705474545967,0.9036441942923348,1.45,1876.947,3869.643,21385.778,35.493,0
5,902.5858896323766,15.077847871654305,0.6643824221519824,0.21416818232714768,0.46278308344963054,0.9020177788436747,1.422,2258.38,4191.124,19160.023,32.813,0
6,744.1338580296679,13.27055788455337,0.6918275258636724,0.24326816675097643,0.49322222856535614,0.9012872794918357,1.278,2775.543,4663.104,15746.031,29.55,0
7,1545.2207146819526,19.22211692554241,0.6502698180959321,0.26303321667833585,0.5128676405061405,0.8741321257418142,1.645,2844.106,4567.352,31240.231,39.231,0
8,1571.8958487426034,19.101423816568044,0.6550916947267322,0.2643419572074165,0.5141419621149557,0.8721508492155878,1.673,2790.734,4500.966,32280.979,39.833,0
9,1525.2709334935896,18.634522928994084,0.6627859832393659,0.2666173901122784,0.5163500654713606,0.8688768550168695,1.667,2855.261,4560.455,31665.029,39.283,0
10,1495.3368312376724,18.401434603057197,0.6656598733626343,0.2763822976926325,0.5257207411664795,0.8641323182102963,1.69,2966.126,4610.547,31824.03,38.856,0
11,1442.6818833210064,17.43960336538462,0.6794865893223796,0.28919259526173463,0.5377663017164004,0.8697779707819479,1.672,3141.972,4743.585,30396.897,37.785,0
12,1239.1985407421107,15.568401750493095,0.7017662838130978,0.3059824818991128,0.5531568330040882,0.8849966420428116,1.583,3591.854,5195.733,25976.861,34.582,0
13,1039.105052699704,14.369244637573962,0.7111361892074807,0.31693958573801617,0.5629738766035385,0.8994141886828921,1.547,4075.652,5539.079,23795.964,32.448,0
14,874.5690412352074,13.329881656804735,0.7210539193839693,0.3300547923627481,0.5745039533047167,0.9161614761453496,1.477,4520.119,5857.379,21291.605,30.684,0
15,766.8768645216965,12.216099605522682,0.736810669511435,0.34878326360275286,0.5905787530911969,0.9220819145129701,1.385,4994.797,6221.869,18842.514,28.915,0
16,825.5919933431953,12.027890779092703,0.7525976204861964,0.38568822129986347,0.621038019206444,0.9050151345960732,1.419,5703.749,6553.264,18294.975,27.409,0
17,715.3796690088758,10.84136156311637,0.7719272827811138,0.42001049316635847,0.6480821654438259,0.9067477375541642,1.336,6830.663,7293.099,15360.296,24.678,0
18,597.2309695512819,9.32908807938856,0.7976804453399817,0.4509680530029321,0.6715415497219305,0.9060492088482758,1.275,8347.567,8332.064,12459.972,21.614,0
19,539.4501895340236,8.004322300295856,0.8271574905427229,0.5102010605408499,0.7142835995183215,0.8796623417437246,1.252,11001.557,9869.782,10017.344,18.245,0
20,340.45535163954634,6.103712093195266,0.8548553141790903,0.5594434403620578,0.747959517863138,0.890784964509151,1.08,15136.198,12403.598,6779.913,14.532,0
21,1330.370307877219,16.492904031065088,0.688940671764748,0.27631989691248554,0.5256613899769371,0.9009758007788684,1.565,3178.602,5093.296,25153.512,35.151,0
22,1371.3372010601577,16.63979289940828,0.6918952385695911,0.28670391106819887,0.5354473933713739,0.9002541450180227,1.588,3223.257,5083.065,25776.78,35.217,0
23,1300.5984190088755,15.756286982248515,0.7082375213103861,0.30489663151832214,0.5521744575026285,0.9016013566331492,1.51,3672.135,5555.574,22314.653,32.333,0
24,1166.8790603427024,14.414848372781064,0.7267393458498896,0.31980347567229506,0.5655116936653874,0.9090921094463335,1.426,4198.692,6119.056,18657.621,29.423,0
25,1079.041458641519,14.16513344428008,0.7264271653914629,0.32607233752632026,0.5710274402568761,0.9187401658690478,1.408,4342.825,6144.358,18485.625,29.273,0
26,1023.362071622288,13.875169501972385,0.7320303582978109,0.3403046307984636,0.5833563497541306,0.9219336891445462,1.426,4457.077,6075.921,19368.446,29.563,0
27,950.023576183432,13.354675172583827,0.7368943658978723,0.35656504091614283,0.5971306732333743,0.9187073892047695,1.34,4922.49,6362.243,17689.527,28.289,0
28,874.6099605522684,12.531750801282051,0.7489574457365228,0.37423807103376333,0.611750006974878,0.9185211685418098,1.33,5401.541,6642.476,16807.472,27.079,0
29,778.3267998027616,11.712193355522686,0.76158936058109,0.4064499525685895,0.6375342756029588,0.910427859028848,1.356,6114.991,6948.712,16501.616,25.851,0
30,624.1163785133136,9.89609529092702,0.7874284744244122,0.44175054187331747,0.6646431688307023,0.9099137700110516,1.282,7609.682,7970.933,13303.975,22.556,0
31,477.14188085552263,8.345121425049307,0.8085747900416603,0.4779206931775841,0.6913180839364642,0.9115212748624107,1.103,9676.61,9385.779,9684.538,19.16,0
32,1403.4740305546597,18.528619800064497,0.6394497253293407,0.2253328484677634,0.47469237245585,0.8980921389773553,1.605,2065.225,3852.402,23562.716,35.618,0
33,1379.6374455820705,18.301656723637542,0.6423991938094158,0.22818830961655726,0.47769060030165683,0.8952422297183117,1.555,2133.62,3943.373,22072.199,34.844,0
34,1347.5360166075461,17.975391002902292,0.6485020252757321,0.2339327602188249,0.483665959334358,0.8977062896789516,1.538,2141.953,3970.827,21700.862,34.603,0
35,1301.0716099645272,17.376753466623665,0.6557594879843834,0.23958400099083915,0.48947318720317984,0.8985547358400671,1.519,2215.251,4057.259,20785.183,33.841,0
36,1282.4042042889391,16.726711141567236,0.6696224544268761,0.24995864737526108,0.4999586456650801,0.9008108106010693,1.517,2353.716,4181.91,19989.765,32.8,0
37,1269.23450096743,15.929145840051596,0.6910706534661978,0.2665659707855507,0.5163002719208568,0.8998551348647953,1.465,2673.152,4523.688,17677.006,30.4,0
38,1079.3091946146403,14.706737745888423,0.7026609187407095,0.27803095054259713,0.5272864027666532,0.9115837852095392,1.41,2933.39,4811.392,15847.679,28.585,0
39,1661.8585583086785,20.742179795364894,0.6132859097572146,0.19303379187429534,0.4393561105462121,0.8650644395245897,1.64,1931.988,4044.462,35173.032,44.256,0
40,1604.9325690335304,20.54388560157791,0.6135359700128976,0.19089607449888357,0.43691655324430495,0.8679259138034727,1.629,1872.618,4023.454,35103.449,44.512,0
41,1684.9960089990134,20.806598249506898,0.6156386726124803,0.19381129191509072,0.44024003897316144,0.8602455412306281,1.633,1898.409,4040.744,35034.373,44.323,0
42,1624.6836245685408,20.20659208579882,0.6264145041659679,0.19695264068634744,0.4437934662501775,0.8684114972794295,1.653,1980.158,4154.191,34336.899,43.101,0
43,1577.2026704265286,19.756348619329387,0.6311706379457649,0.2068781455464534,0.4548385928507534,0.8703926754331724,1.645,2039.74,4190.862,34031.405,42.72,0
44,1599.6103997164696,19.387211846646945,0.6428501971671097,0.22446329656943273,0.47377557616389715,0.868660560374771,1.648,2140.033,4262.706,33338.323,41.998,0
45,1468.5993127465483,17.882080559664693,0.6654015796227924,0.23583105284575315,0.48562439482150516,0.8820192647835043,1.597,2407.205,4584.477,29892.521,39.124,0
46,1186.290919317061,16.309872719428007,0.6768054294841387,0.2368366781317351,0.48665868751285546,0.9083891043814162,1.48,2708.168,4940.899,25363.871,36.362,0
47,1074.9787352071005,15.617834689349111,0.6797440789314575,0.2354348982584247,0.485216341705867,0.9188410816975743,1.423,2935.028,5137.916,23441.771,35.007,0
48,855.5252866124262,14.291058000493097,0.6867612346772496,0.245690750701675,0.49567201928460214,0.9326013445660714,1.335,3227.467,5377.691,21086.748,33.484,0
49,764.5084519847142,13.448147805719923,0.6964344908563227,0.26180239102443537,0.5116662887316648,0.935467086304326,1.29,3538.044,5560.45,20002.016,32.407,0
50,663.4400040064104,12.236293454142015,0.7168836603424606,0.28888914654853914,0.537484089577114,0.9342835378077854,1.2,4223.779,6123.646,17041.117,29.448,0
51,573.3673415927021,10.994275456114398,0.7396253439762298,0.3224886436879862,0.5678808358167989,0.935872159231211,1.132,5182.276,6833.306,14467.845,26.39,0
52,542.5154092702171,10.173462154832349,0.7604949132372401,0.365919035024734,0.6049124193011199,0.9304293681807633,1.168,6050.957,7238.279,13845.005,24.879,0
53,425.8824503821499,8.394569773175542,0.7945531682973243,0.4160453026217047,0.6450157382744275,0.9337435133002036,1.055,8277.223,8823.735,10088.217,20.444,0
54,1439.0053421052633,19.251894736842107,0.6257961860075739,0.1995715513042475,0.44673431847603506,0.8571654182380335,1.552,1966.137,4062.331,26960.856,38.908,0
55,1397.1993421052632,18.67830701754386,0.6319427191943782,0.20491659047014468,0.45267713711887936,0.866625757932393,1.487,2063.071,4267.608,23924.28,37.023,0
56,1583.4141842105264,19.614175438596497,0.6330088629925634,0.21025791640697147,0.4585388930145092,0.8598849806204245,1.606,2009.292,4108.625,27190.994,38.479,0
57,1482.5977017543862,18.825254385964918,0.6454527387392663,0.22163980517082185,0.47078636893056053,0.8656508099235323,1.588,2185.072,4358.168,24929.038,36.172,0
58,1483.9485350877196,18.709692982456144,0.648077796678877,0.23412882143544178,0.4838685993484613,0.8648162115736958,1.566,2275.133,4410.929,24330.856,35.733,0
59,1491.7461929824563,18.498228070175436,0.6537368543857874,0.2440071271833641,0.493970775636944,0.8686619433106443,1.53,2389.002,4475.683,23193.147,35.223,0
60,1316.2033245614036,17.421842105263156,0.6635292681477106,0.2543096025988766,0.5042911883018347,0.8810993308902182,1.485,2625.89,4711.765,21164.488,33.509,0
61,1192.89100877193,16.784771929824565,0.6660147227368591,0.25914590994344416,0.5090637582301889,0.8933231554317039,1.4,2852.634,4841.97,19575.488,32.656,0
62,1091.355254385965,15.952078947368424,0.6788149338833451,0.26902062088334877,0.5186719781165634,0.9029417223866469,1.438,3035.846,4955.933,19541.517,31.833,0
63,910.1811315789474,14.411491228070176,0.695990383589871,0.2851306885003078,0.533976299567975,0.9149995875468904,1.332,3518.113,5397.958,16625.867,29.26,0
64,735.3143771929825,12.718114035087718,0.7150394036715396,0.30417742656394275,0.5515228250616132,0.9230554329554452,1.209,4096.671,5908.505,14006.81,26.801,0
65,674.2503508771929,11.978815789473684,0.7264087538701004,0.32727042530393974,0.5720755416061237,0.9118808468736982,1.163,4613.167,6184.53,13132.54,25.572,0
66,533.26650877193,10.094350877192984,0.7575619157865934,0.36304993989496775,0.6025362560833728,0.9120484892947773,1.083,5745.88,6979.025,10955.107,22.675,0
67,376.99253508771926,8.07,0.7909826329477565,0.4077265268736534,0.6385346716300169,0.9154742989232264,0.916,7757.267,8494.231,7723.038,18.655,0
68,1540.469112786198,20.752569735569168,0.5944260659409903,0.158406425022218,0.39800304649866436,0.8361720805182797,1.641,1492.472,3620.382,25963.324,37.953,0
69,1340.8191410029024,17.6068304579168,0.6540375670166835,0.22114911143377255,0.4702649374913811,0.9113278951160672,1.594,1953.855,3780.651,24058.623,36.244,0
70,1429.1129877458886,18.640871896162533,0.6387063295366789,0.21351880737964704,0.46208095327512366,0.9086055127323844,1.588,1861.38,3678.414,24754.315,37.285,0
71,1555.6182783779425,19.084902047726537,0.6414202670379774,0.21489768616572086,0.4635705838011304,0.897725429244763,1.647,1832.204,3644.44,25843.162,37.612,0
72,1890.974151483392,20.18273339245404,0.6553762533928592,0.23186719597142127,0.48152590373875137,0.8671639982707913,1.688,1975.784,3723.317,26038.081,36.839,0
73,1825.623548855208,19.73563971299581,0.6590458014597975,0.23297519843664255,0.4826750443483095,0.873932461562392,1.669,2115.675,3853.023,24772.851,35.627,0
74,1572.8490809416319,18.521374153498872,0.6661642383014716,0.24193027352315052,0.49186408033434453,0.8927798194369482,1.631,2251.177,3923.281,23968.486,34.99,0
75,1361.393854804902,17.482354482425027,0.6728593123751379,0.2558472586830207,0.5058134623386578,0.9050337526442284,1.621,2431.119,3981.086,23695.03,34.529,0
76,1067.818123186069,15.472267010641728,0.6900402011900066,0.2772307965218427,0.5265271090094438,0.9168574892070164,1.493,2805.463,4297.097,20319.798,31.996,0
77,813.6438548049018,13.304105530474043,0.7135939256167856,0.3096527638647838,0.5564645216586442,0.9259894883617654,1.41,3421.329,4755.261,17199.369,28.907,0
78,713.6140559496938,11.520487342792652,0.7484739455212499,0.35323215973042127,0.5943333742357241,0.9244346530610524,1.404,4300.01,5361.311,14846.412,25.651,0
79,1823.4310964912286,21.026236842105266,0.643923103618882,0.2503171625500154,0.5003170620216898,0.8418671436506214,1.777,2514.623,4031.493,31924.15,39.018,0
80,1844.9105087719297,20.699149122807018,0.6476839646132007,0.2554743703351032,0.5054447253014944,0.8338269866127579,1.698,2652.477,4260.702,27971.421,36.912,0
81,1746.3057280701753,20.29319298245614,0.6528004470386287,0.263030386291936,0.5128648811255612,0.837938916261466,1.721,2676.105,4269.001,28662.426,36.895,0
82,1863.2136929824558,21.084684210526312,0.6481510212732321,0.26030203277931674,0.5101980329042015,0.8336556176478077,1.789,2566.651,4117.715,31371.817,38.168,0
83,1865.166535087719,20.460947368421053,0.6634324074922264,0.26600657047360726,0.5157582480907186,0.8369280978516855,1.784,2688.553,4260.879,30107.571,36.953,0
84,1743.0437456140348,19.212605263157897,0.6774320047320413,0.2822935292782395,0.5313130238176357,0.8464062937172275,1.713,2818.658,4398.163,27787.079,35.821,0
85,1553.2988771929827,18.28624561403509,0.678015690429416,0.2828091159972299,0.5317980030022958,0.8555449546008982,1.64,3013.954,4582.908,25289.834,34.465,0
86,1268.1519561403504,16.685666666666663,0.6851226688448361,0.29241308107302233,0.5407523287726298,0.8800959317757298,1.527,3239.844,4801.522,22205.747,32.925,0
87,1147.8560438596492,15.635649122807017,0.6977020015950162,0.3137006571637428,0.5600898652571236,0.8756915640185629,1.5,3527.547,5014.795,20833.28,31.477,0
88,1035.372807017544,14.628447368421051,0.7104536248080231,0.3458452495767928,0.5880860902765791,0.8527996051367553,1.463,3935.971,5288.77,19189.223,29.877,0
89,958.8086842105259,13.432649122807012,0.7353439683264319,0.394819330140043,0.6283465048363387,0.8158501647401465,1.455,4588.3,5733.156,17530.337,27.542,0
90,752.1489210526317,11.187956140350877,0.7676452253167602,0.44665166289627584,0.6683200302970694,0.8022207369619536,1.368,5732.475,6574.226,14325.938,24.024,0
91,1476.8193245614036,18.337052631578953,0.6583203021641735,0.2424563743651893,0.49239859297645167,0.8924630542718037,1.588,2276.49,4204.311,26456.456,37.484,0
92,1709.048412280702,19.647894736842108,0.6484475865323253,0.23951179573522632,0.4893994235133776,0.8792749109319742,1.653,2174.015,4061.928,28383.527,38.71,0
93,1683.3510614035092,19.27762280701755,0.6548703306493602,0.24440550847376125,0.49437385496581554,0.8879398979744694,1.625,2207.603,4090.632,27908.262,38.478,0
94,1499.5517368421054,17.586815789473686,0.6766273610682279,0.2528965719548323,0.5028882300818267,0.9019784653303916,1.564,2481.112,4467.37,24178.393,35.298,0
95,1317.197087719298,16.77687719298245,0.6810560812678241,0.25971606770352407,0.5096234567830685,0.9156143406602586,1.546,2615.345,4596.515,23155.418,34.307,0
96,1081.7990614035086,15.417754385964907,0.686185510355249,0.27460978032663885,0.5240322321447783,0.9261997931309204,1.472,2724.566,4669.987,21797.824,33.745,0
97,933.4005701754386,14.270377192982453,0.6994775523431299,0.29526573689981533,0.543383600138811,0.9313924135742936,1.443,2928.847,4805.61,21333.051,32.876,0
98,797.7237719298246,12.879394736842103,0.7195638352115092,0.3364627411895968,0.5800540847107248,0.9324720922468964,1.366,3434.036,5257.695,18598.082,30.102,0
99,624.7441842105264,10.862114035087721,0.7518625784050919,0.38228080257386904,0.6182886078312207,0.9330404270407431,1.246,4443.914,6187.232,14068.009,25.654,0
100,550.0459561403508,9.80081578947368,0.7725241531031178,0.42795583471837473,0.6541833341796279,0.924795569746831,1.205,5426.573,6880.95,12076.732,23.078,0
101,471.6796140350877,8.282254385964912,0.8082000420649731,0.4885064535145429,0.6989323669100916,0.9182352878721666,1.148,7422.289,8327.027,9195.857,19.056,0
102,313.3058245614034,6.224447368421052,0.8444559408960568,0.5571277799419051,0.7464099275477953,0.918791898496911,0.973,11320.79,11188.511,5603.221,14.205,0
103,1598.76051754386,19.225622807017547,0.6562631367015996,0.2512856595298554,0.5012840108460027,0.8813573614406135,1.749,2463.505,4060.041,31101.483,38.707,0
104,1573.2044210526317,19.06157894736842,0.6579208645360034,0.24331649258425672,0.493271216050822,0.8853082399714954,1.726,2413.208,4058.401,30751.092,38.765,0
105,1489.4290964912282,18.510657894736845,0.6614386287984276,0.24603961194790705,0.49602380179574757,0.888612924660458,1.716,2365.977,4032.206,30684.544,39.023,0
106,1404.3060263157895,17.562201754385963,0.6719677642724807,0.24918988738842715,0.4991892300404999,0.8923099283023916,1.681,2430.715,4105.364,29420.246,38.319,0
107,1492.4529385964909,17.80577192982456,0.6779239579231369,0.2545105854301323,0.5044904215444851,0.8872132975479308,1.729,2506.526,4125.442,30380.134,38.186,0
108,1392.15600877193,16.75448245614035,0.6914658629678399,0.2639865814000462,0.5137962450233032,0.889829261429725,1.686,2751.354,4380.605,27592.999,36.0,0
109,1059.918043859649,15.208947368421052,0.6944986204429874,0.2656061144775315,0.5153698812285518,0.9165731204804448,1.561,2990.964,4625.669,23758.914,34.107,0
110,547.3512192982455,9.44128947368421,0.7860501317059159,0.3981081792474606,0.6309581438157849,0.913558313993978,1.259,6326.246,7042.724,12300.89,22.413,0
111,1362.6485710254758,18.47713439213158,0.6431225428226516,0.23155156569449922,0.4811980524633274,0.8852950951805083,1.596,2153.739,3807.328,23978.452,36.004,0
112,1308.7835375685265,17.763785875524025,0.6534701489226742,0.2383177823318526,0.48817802319630554,0.8889346217064772,1.545,2249.313,4005.904,21743.022,34.25,0
113,1373.6552221057723,17.842379474363106,0.6598257839258017,0.2398530918041091,0.48974798805519265,0.8855486913019364,1.593,2263.165,4011.37,22357.226,34.222,0
114,1330.4231800225734,17.351549903257013,0.6685129006035603,0.24041359581078,0.4903198913064613,0.88845099893417,1.589,2368.859,4134.712,21467.871,33.152,0
115,1395.8905191873591,17.77741051273783,0.6647001463552571,0.24723550032938485,0.4972278153214931,0.8857530290222486,1.591,2399.142,4091.199,21654.983,33.495,0
116,1299.1782791841342,16.81151241534989,0.6755809466594024,0.25841078578126897,0.508341209997054,0.8939403328156059,1.525,2649.187,4333.057,19383.464,31.719,0
117,1043.1461625282168,14.756479764592067,0.6953011644146996,0.26788689693734774,0.5175779138809419,0.9172712727476862,1.389,3129.996,4897.9,15053.365,28.065,0
118,885.202737020316,13.688356578523056,0.7029288124889933,0.27890539330672104,0.5281149432715581,0.9306958579664866,1.334,3413.047,5117.201,13931.84,26.879,0
119,737.3169542083197,12.398208239277649,0.7192190267944248,0.29765339026311555,0.5455762002352335,0.9373495497577148,1.25,3797.93,5400.893,12686.482,25.462,0
120,650.6970231376973,11.567972025153173,0.7316645749881889,0.3203155600976073,0.5659642745771214,0.9386100020182113,1.235,4078.763,5499.71,12598.756,24.992,0
121,537.7353877781361,10.34449572718478,0.7491505076557533,0.34699661814893745,0.5890641884794368,0.9393313368470444,1.138,4732.329,5962.772,11011.416,23.112,0
122,457.7802321831666,9.127458884230894,0.772645940345376,0.38977637055594055,0.6243207273156487,0.9349750882458046,1.102,5600.453,6448.314,9982.001,21.384,0
123,365.604008787488,7.84652128345695,0.7965942932526614,0.43283641139873297,0.6579030410316804,0.9343749482884947,1.038,6957.02,7289.185,8433.13,18.914,0
124,1522.663999516285,20.322275072557233,0.6135347148467635,0.1927940076289043,0.4390831443233779,0.8492546717620704,1.696,1777.153,3546.285,27937.526,38.667,0
125,1585.1358432763623,20.71697637858755,0.6098217981179451,0.1883606560127994,0.4340053640368969,0.8466756149533818,1.696,1681.628,3466.177,28581.571,39.581,0
126,1591.4734259109969,20.469223637536285,0.6146300189652002,0.1930481190294161,0.4393724149618591,0.8431148942746917,1.709,1737.45,3564.339,27769.057,38.513,0
127,1521.5755804579167,19.764602144469524,0.6251498471318611,0.20084357563564803,0.4481557493055824,0.8407305157334636,1.718,1851.65,3719.649,26698.984,36.893,0
128,1470.7256731699454,19.083410593356984,0.6346695027818102,0.206536071870729,0.4544623987424361,0.841413145408606,1.65,1976.668,3871.168,24214.958,35.445,0
129,1361.3172162205744,18.074250241857467,0.6463597046681349,0.22172113074888056,0.4708727330700734,0.8484160154197486,1.595,2165.218,4035.798,22659.75,34.12,0
130,1105.9932582231538,15.909686391486618,0.6698994718475103,0.23417475170988866,0.48391605853690023,0.8684227321338426,1.493,2776.721,4754.674,17378.64,28.976,0
131,852.5973375524025,14.321559577555627,0.6804738728770213,0.24391493577519918,0.4938774501586392,0.8998262686110803,1.365,2927.003,4929.315,15189.578,27.966,0
132,830.9321992905514,13.790924298613351,0.6924748943616258,0.2599839466433067,0.5098862095049314,0.8991306946901225,1.371,3071.38,4953.372,15391.194,27.818,0
133,777.2213197355691,13.072224685585292,0.7079240084370433,0.28054999323415564,0.529669702016413,0.897446982936756,1.327,3510.957,5297.064,13816.046,25.999,0
134,1412.6396222992585,19.43064737181555,0.6188524768072781,0.19748270613730257,0.4443902633241446,0.8455607473835146,1.585,1963.17,3985.952,22647.124,34.531,0
135,1378.284666236698,18.974463882618508,0.6274382846937615,0.20323220065409509,0.45081282219352975,0.8429378933575975,1.57,2113.336,4151.892,21180.712,33.143,0
136,1366.3580901322155,18.76158900354724,0.6337346580704313,0.2135059127664434,0.4620670003002199,0.8448590909065323,1.589,2214.176,4199.844,21051.434,32.704,0
137,1381.4453805224125,18.246362060625607,0.6465348342087994,0.22505936350706648,0.4744042195291548,0.8417363295949677,1.574,2284.666,4269.764,20413.365,32.116,0
138,1272.2247359722667,17.041277007416955,0.662149284743851,0.2379831554373503,0.48783517240698243,0.8440690172199494,1.532,2609.338,4620.736,18279.055,29.753,0
139,1162.0353111899385,15.940664301838117,0.6769961814514421,0.25209642982210523,0.5020920531357823,0.8590219801208967,1.472,2960.209,4952.301,16222.315,27.812,0
140,918.2623951950984,14.503879796839731,0.6860517500329182,0.25291373278918916,0.5029052920671935,0.8812228604004929,1.378,3317.173,5318.533,14081.517,25.887,0
141,792.1157691067399,13.20004635601419,0.7046183142615028,0.2672842108519478,0.5169953683080225,0.8928633890946692,1.288,3628.162,5617.93,12410.691,24.532,0
142,714.3074814575943,12.440230973879395,0.7136860555555703,0.28274680104158095,0.5317394108410444,0.8950978859318315,1.238,3958.842,5855.204,11332.012,23.515,0
143,642.0268764108351,11.654244598516607,0.7259679592185722,0.30432866853849194,0.5516599210913296,0.8882290971110108,1.236,4410.083,6118.374,10930.562,22.501,0
144,1449.2862685424054,19.154053128023214,0.6333397803060171,0.21661071252468872,0.4654145598546405,0.8987918734454845,1.698,1755.088,3492.357,28386.785,39.264,0
145,1457.784958481135,18.75618752015479,0.6412696314066257,0.21681827714966878,0.4656374954292972,0.8923562625042851,1.689,1778.708,3579.743,27363.967,38.329,0
146,541.037155353112,10.471682521767171,0.7454803377898567,0.3280133170877947,0.5727244687350058,0.9233106210941144,1.169,4955.086,6709.235,9418.033,20.565,0
147,469.28811270557884,9.144580377297645,0.7737259888908701,0.3743474710048608,0.6118394160274907,0.9173743050550874,1.112,6384.785,7821.584,7374.897,17.618,0
148,1472.810585295066,19.201316107707186,0.638189246365399,0.23911794732042563,0.4889968786407799,0.8582762069527375,1.749,1852.007,3535.337,29274.136,38.717,0
149,1587.4576245565945,19.824542486294742,0.6361645482087697,0.2196318354675086,0.46864894693950676,0.8556358583512251,1.732,1839.827,3524.948,29050.388,38.934,0
150,1606.3859138181235,20.180738068365052,0.6321376480016054,0.2098254774356717,0.45806711018765767,0.8649248363665683,1.698,1886.794,3558.578,27850.384,38.587,0
151,1517.5522311351178,19.38260843276363,0.6369172810168077,0.21000642643956496,0.4582645812623587,0.8700838880161639,1.634,1944.669,3707.78,25235.304,37.037,0
152,1609.3671497097714,19.7932420993228,0.6419641673489758,0.21601779777567895,0.46477714850848567,0.8573470644170569,1.711,1966.36,3692.667,26957.562,37.199,0
153,1467.088801999355,18.980016526926796,0.6443380683175288,0.21817868686516878,0.46709601461066735,0.8598981914597394,1.665,1992.022,3728.149,25794.582,36.796,0
154,1524.9181312479843,18.835506691389877,0.6541977684132526,0.2253197368085348,0.4746785615640702,0.8537248724185864,1.692,2107.588,3852.324,25242.198,35.639,0
155,1461.4626229442115,17.72227708803612,0.6723260763333228,0.24365373280393876,0.4936129382460905,0.8542963509818121,1.648,2322.847,4102.31,22934.433,33.522,0
156,1192.8122279103516,16.409011206062562,0.6754910535731395,0.2462863882233459,0.49627249392178274,0.8822299874519878,1.512,2632.446,4480.04,18633.492,30.773,0
157,938.5245283779426,14.371835698161881,0.6974640572174705,0.2556787301118877,0.5056468432729385,0.9081567484977476,1.436,3026.684,4896.656,16211.647,28.208,0
158,813.9417022734599,13.297978474685582,0.7076317555800427,0.27209170958720785,0.5216241075594645,0.9092643401876166,1.346,3482.817,5311.119,13933.012,25.985,0
159,752.116162125121,12.610639712995807,0.717322578717771,0.29564686471793394,0.5437341857175563,0.8982508879651808,1.251,3961.669,5705.392,12141.891,24.174,0
160,1465.2351862302478,18.73759472750725,0.6422833530346701,0.2096440136297838,0.4578689917757958,0.8999658336255422,1.619,1907.541,3647.496,25251.614,37.478,0
161,1444.8330074975815,18.846793373105452,0.6351068878517057,0.20456665745103153,0.45229045695330733,0.903436728829968,1.612,1864.792,3639.729,25221.206,37.598,0
162,1421.4452898258623,18.440220896485002,0.6392825921469794,0.20740765749267,0.4554203086080703,0.9021777055268227,1.593,1876.45,3682.141,24530.645,37.206,0
163,1463.8244014027732,18.652299661399546,0.641979361131427,0.20749904968623228,0.45552063585114594,0.899578343676976,1.624,1910.957,3713.453,24721.51,36.884,0
164,1496.287054579168,18.67839003547243,0.6481045686273389,0.2119740459452515,0.46040639216376167,0.8915084014480543,1.686,1938.036,3677.673,26338.307,37.214,0
165,1620.3955679619482,19.217369396968724,0.6475880097003203,0.2170575120749714,0.4658943142762867,0.876952624271976,1.679,1939.739,3655.686,26307.957,37.42,0
166,1523.113733473073,17.96791357626572,0.6692072747671121,0.2271017441085962,0.476551932226275,0.8804763570627445,1.649,2114.414,3878.761,24185.496,35.307,0
167,1235.5041014995163,16.350773943889067,0.6816022401329863,0.23757533912020418,0.4874170074178826,0.896461498001254,1.536,2420.75,4258.658,20202.216,32.191,0
168,1136.6194272009027,15.490093921315706,0.692318102738984,0.25038442833217656,0.5003842806605505,0.9013118944848927,1.516,2641.564,4427.644,19218.381,30.994,0
169,947.1601297968396,14.002166639793616,0.713787409105816,0.2853948864556073,0.5342236296305203,0.9063552512152433,1.436,3233.484,4803.351,16925.376,28.618,0
170,934.4997480651401,14.247944211544661,0.6990087551256498,0.2825282735866468,0.5315338875242545,0.868609898325759,1.464,3401.643,5148.513,15575.876,26.636,0
171,1044.6482283940663,15.114438890680425,0.6924112169308231,0.2776619240873098,0.5269363567712042,0.8632564467102215,1.486,3254.74,5049.577,16068.478,27.219,0
172,1137.6575902934537,15.238592389551755,0.6992394744661687,0.28485173470612885,0.533715031366111,0.8462832092744942,1.483,3558.048,5475.343,14502.852,25.147,0
173,1026.7424419542083,14.687731780070948,0.7008491598363823,0.2930708063281736,0.541360144754094,0.8619292406699746,1.452,3605.074,5529.27,14140.945,24.904,0
174,1010.6358936633344,14.501017816833278,0.7052561201510686,0.3018199511216434,0.5493814258979306,0.8665686398513848,1.449,3848.823,5790.767,13161.687,23.772,0
175,1113.4107646726864,14.902329893582717,0.7087789620084518,0.31429621741680813,0.5606212780628363,0.8619730543439622,1.505,3929.431,5813.526,13555.274,23.654,0
176,1152.2195561915516,14.351559980651409,0.7268504744169467,0.3382985282218772,0.5816343595609507,0.8696341971183119,1.524,4303.623,6166.548,12934.39,22.297,0
177,1099.0241252821668,13.428954369558204,0.7478213964914,0.35355999630105833,0.5946091121914113,0.8900401706104237,1.492,4917.43,6764.125,11428.109,20.354,0
178,1063.8573746372138,13.265337794259915,0.7434778677018402,0.35090155675832657,0.5923694427959013,0.8962066588750035,1.373,5351.627,7173.558,9750.221,19.311,0
179,688.296275395034,11.461121412447598,0.7480538882830015,0.34345658335170043,0.5860516899998672,0.9291408535942383,1.218,5979.896,7715.635,7918.689,17.935,0
180,595.7316893743954,10.378033295711063,0.7675831196937073,0.37071432998771425,0.6088631455324869,0.9367433864833883,1.203,6741.798,8222.75,7419.424,16.835,0
181,453.51087350854567,8.906451547887778,0.7833887512986705,0.4168967108475607,0.6456753912358444,0.9279916485489473,1.01,8355.868,9506.493,5359.235,14.552,0
182,324.136115366011,6.899850854563043,0.823122751355031,0.47522100940377704,0.6893627560318131,0.918088627464162,0.991,10362.36,10867.842,4409.873,12.702,0
183,243.87900072557238,5.517595130603032,0.8517212039356293,0.5385063421057722,0.7338299136078961,0.9115652663527772,0.886,13404.62,12708.047,3311.784,10.87,0
184,155.3487685424057,3.8999314737181567,0.8890661631883792,0.6068216399682147,0.778987573693069,0.9099396969360216,0.795,18304.66,15439.37,2375.222,8.955,0
185,102.8162185585295,2.744890761044824,0.9191585767215315,0.6836339990514446,0.8268216246878431,0.8951814329069654,0.724,25758.794,19505.669,1625.113,7.113,0
186,1690.7912165430507,21.199794421154465,0.6145121223137234,0.1867883966953107,0.43219023206836904,0.8386245202901645,1.686,1661.829,3455.415,28388.615,39.601,0
187,1782.4501168977747,22.04338318284424,0.6019369004127849,0.17274971081558418,0.41563170092713597,0.8359582786780881,1.677,1629.648,3427.812,28605.585,40.012,0
188,1755.475511931635,22.12666277007417,0.5971318279895269,0.17587103742649304,0.41936980986534195,0.8411753301702058,1.643,1629.271,3455.807,27727.954,39.742,0
189,1668.2587169461465,21.424409464688814,0.6062586786239622,0.17826666038301373,0.4222163667872359,0.8469015157026055,1.656,1666.394,3510.647,27346.853,39.083,0
190,1645.7646525314415,20.944916962270238,0.6169046203710912,0.18245703867247137,0.42714990187575996,0.8438930427845897,1.697,1711.138,3524.434,28121.885,38.868,0
191,1597.6362766043212,20.16458400515962,0.6273695093241061,0.19582974624388114,0.4425265486316964,0.8429055114959684,1.686,1824.878,3624.38,26917.262,37.775,0
192,1608.126884472751,19.489680748145762,0.6453745962151974,0.21160541040892225,0.4600058808416717,0.8479852056548874,1.66,2013.363,3816.223,25078.577,35.961,0
193,1423.5885903740727,17.865396243147373,0.6675725955054832,0.22448674086037113,0.47380031749711937,0.8710765635586236,1.575,2343.868,4196.428,21424.538,32.778,0
194,1162.3197355691711,16.55028619800064,0.6710236948328883,0.22481497498905087,0.4741465754268936,0.8908178770534175,1.507,2559.119,4392.696,19446.985,31.327,0
195,922.5373468236055,14.903186472105775,0.6848024852615248,0.23982923837232972,0.4897236346883104,0.9012990618023208,1.406,2867.471,4690.489,17001.529,29.344,0
196,844.7174701709124,14.104190180586906,0.6957665312198688,0.259839996890607,0.5097450312564185,0.8866794869052297,1.445,3166.652,4880.338,16637.283,28.189,0
197,763.1978595614318,13.023681876813933,0.7133632787509367,0.2873909698121772,0.536088583922636,0.876276688974242,1.417,3581.309,5146.751,15562.632,26.752,0
198,678.2667284746857,11.842016688165113,0.733505409203674,0.32059875346937305,0.5662144059182643,0.8651960367425233,1.369,4300.084,5695.577,13178.192,24.167,0
199,540.1693909222832,9.943747984521123,0.7668472144177966,0.35777082450755676,0.5981394691103044,0.8645944392725123,1.25,5456.769,6577.106,10295.268,20.96,0
200,437.4127599967753,8.32986335053209,0.7993044521241347,0.402709155005927,0.6345936928507303,0.8559100255315009,1.169,7117.962,7704.164,8085.313,17.911,0
201,1217.0572698323117,17.56107908739116,0.6479227145419362,0.222578816475783,0.471782594502789,0.815581831213793,1.501,2468.75,4602.737,17973.562,29.822,0
202,1123.5218276362461,16.88197355691712,0.6482298858744219,0.2246114195334422,0.47393187224899974,0.8189792496389983,1.514,2460.759,4749.42,17297.779,28.885,0
203,1040.0521505159627,15.943465817478232,0.6661869651546074,0.24368025701384133,0.4936398049325453,0.8345464206631534,1.545,2532.31,4901.504,16914.191,27.979,0
204,1014.6229139793616,15.809789180909387,0.6667386425772106,0.24087844694364546,0.49079369081483254,0.8358078964210087,1.542,2531.541,4891.32,17050.625,28.05,0
205,1089.9125987584653,16.258263463398904,0.6645749425298946,0.24743389620060197,0.49742727729850317,0.818744208866861,1.563,2585.072,4944.575,16833.21,27.709,0
206,1102.8761488229604,15.595372460496616,0.6829958785010651,0.26233673041673294,0.5121881787163122,0.8186213843210376,1.571,2863.774,5247.732,15765.764,26.103,0
207,1118.7886468074814,15.667657610448243,0.6819606615760284,0.26091990394241327,0.5108031949218929,0.8265631110088988,1.525,2885.281,5180.361,15726.139,26.532,0
208,994.5554055143502,15.239841986455982,0.6772021709329719,0.2519351407730266,0.5019314104267899,0.8355888689984711,1.404,2931.269,5206.013,14216.418,26.475,0
209,813.3123992260563,13.75860609480813,0.6939478967793757,0.26575101317988337,0.5155104394480129,0.8329603584999121,1.322,3302.784,5557.802,12366.051,24.778,0
210,1611.075378910029,19.846128265075784,0.6286527785642394,0.2020498989854547,0.44949960954983564,0.8834923724440384,1.661,1808.874,3530.585,26926.811,38.756,0
211,1769.6886286681715,20.895356336665593,0.6227736961876322,0.20837519652442368,0.4564813211122923,0.8760376338970055,1.685,1762.837,3464.153,27915.005,39.484,0
212,1669.5061371331828,20.234521122218638,0.6258817670215664,0.20955261346424242,0.4577691705043519,0.8834309760722916,1.672,1784.261,3509.396,27416.499,39.037,0
213,1818.2506550306355,20.76977184779104,0.6277412136423071,0.20588484685276756,0.45374535463491805,0.8729852441192276,1.739,1787.876,3503.458,28691.882,39.072,0
214,1698.3146263302162,20.58963842308933,0.6226375215556917,0.20249118908554284,0.4499902099885539,0.8762147500527165,1.72,1759.981,3466.005,28816.412,39.491,0
215,1761.1337874879075,20.521112141244764,0.6286044789283026,0.20645512044402417,0.45437332717053736,0.8660121327657597,1.739,1786.551,3467.853,29236.956,39.478,0
216,1710.7871251209287,19.757154950016123,0.6442900315066079,0.21815045102812933,0.4670657887579964,0.8666841207181752,1.699,1907.957,3636.327,27133.127,37.676,0
217,1564.923512576588,18.233493227990973,0.6677853689533911,0.2306656918227968,0.4802766825724489,0.8719718046024517,1.632,2135.932,3925.164,23894.2,34.977,0
218,1356.8571327797486,17.132316188326346,0.6737082863426075,0.230676636055697,0.48028807611234425,0.8870791326092224,1.539,2377.32,4173.446,21073.731,32.976,0
219,1046.8421174621092,15.209418332795876,0.6910370912994823,0.2421872037546447,0.4921251911400642,0.9088521617986598,1.488,2601.91,4356.485,19603.242,31.562,0
220,918.8834851660755,14.207533860045146,0.7015840812186791,0.2649356892820732,0.5147190391680428,0.9136420597272955,1.428,3003.829,4635.64,17776.23,29.685,0
221,984.1453865688488,15.201819977426636,0.6713091462149104,0.23513804086419254,0.4849103431194189,0.8525858052065395,1.453,2256.976,4675.327,16671.958,29.283,0
222,904.025677200903,14.964416720412771,0.6669531185622033,0.2181349468991794,0.4670491910914517,0.8684714645859236,1.381,2509.238,5085.259,14264.895,26.944,0
223,966.6318425507899,15.501370525636894,0.6624921445223303,0.20689166356043145,0.45485345283995754,0.8810810709761142,1.424,2463.331,4986.655,15075.352,27.505,0
224,970.015720735247,15.56515035472428,0.664650251231222,0.2088921432732254,0.4570472002684464,0.8934937168987529,1.432,2710.265,5217.711,14467.555,26.302,0
225,996.1715273298936,15.717067075137052,0.6664119691370108,0.21379720717989034,0.4623821008428963,0.8930698050652673,1.48,2846.002,5450.882,14201.617,25.184,0
226,1083.2136911480168,16.03098798774589,0.6723802131088098,0.21640118592956922,0.46518940866013836,0.8817215180070108,1.55,2881.887,5398.702,15260.341,25.411,0
227,1072.8181030312805,15.706737745888427,0.6775688741471004,0.22189725921869716,0.4710597193761075,0.8817951077325773,1.527,3032.966,5572.198,14464.974,24.613,0
228,1075.762798290874,15.243772170267658,0.6895503516571839,0.23266989608752542,0.4823586799131176,0.8748982870846638,1.509,3145.231,5714.682,13753.289,23.963,0
229,1073.6529950016125,14.98663737504031,0.7003101261274441,0.24271757060718988,0.4926637500437696,0.8718392786836814,1.548,3402.177,5891.563,13913.347,23.295,0
230,973.2502821670431,13.950943244114804,0.7180570254008372,0.2524608633001671,0.5024548370751017,0.8756199805493212,1.49,3844.022,6258.607,12496.019,21.971,0
231,916.2171376168977,13.073615366010962,0.726924833565986,0.26139324334189534,0.51126631352153,0.86686210518816,1.41,4150.393,6504.861,11341.638,21.206,0
232,785.7348234440502,11.668927362141243,0.7446800910237881,0.2794070343374612,0.5285896653714119,0.8593712754955163,1.288,4851.371,7100.973,9406.198,19.45,0
233,1594.9419945178975,19.89758344082554,0.6274341032183767,0.20680212668004883,0.45475501831211146,0.8702786288387766,1.609,1745.214,3687.155,24822.715,37.197,0
234,1535.6678188487583,19.677190825540148,0.6251638254884705,0.20474376324997817,0.45248620227580216,0.8731801499240321,1.61,1730.128,3709.34,24510.559,36.989,0
235,1632.6600693324733,20.2114841986456,0.6281377751513378,0.21273261636966628,0.4612294617320822,0.8656329562445582,1.703,1630.555,3567.016,27506.78,38.406,0
236,1800.677886165753,20.567982102547564,0.6350753234817172,0.21067368908707831,0.45899203597347776,0.8576617176842591,1.727,1644.301,3570.691,27587.761,38.352,0
237,1859.959992744276,20.38292083198968,0.6450589509366363,0.21624572441012405,0.4650222837780186,0.8492371049032614,1.669,1826.365,3789.467,24870.688,36.225,0
238,1697.2784585617544,19.40401281844566,0.6545315710275535,0.22568459804422358,0.4750627306411476,0.8570360497683758,1.615,2158.482,4119.709,22003.983,33.412,0
239,1346.4888745565945,17.584105933569816,0.6638130067823121,0.23599497186806473,0.4857931369091835,0.8856444616229026,1.546,2399.25,4351.912,19573.178,31.567,0
240,1092.9748468236055,15.859480812641083,0.6798063358723273,0.25237366090224167,0.5023680532261597,0.89816504430136,1.469,2762.813,4703.736,17095.235,29.247,0
241,915.9577757175108,14.29602346017414,0.6967465469679954,0.2751447704755951,0.5245424391558753,0.9020552544552812,1.39,3234.547,5083.644,14975.32,27.072,0
242,767.2423008706869,12.998014753305387,0.7106299376911943,0.2969021641389686,0.5448872948958974,0.9043145691736558,1.343,3711.978,5401.505,13770.207,25.47,0
243,639.2354583198965,11.562248065140272,0.7312164380053048,0.3270160991257056,0.5718532146676327,0.9031847420469628,1.238,4590.625,6061.418,11241.569,22.726,0
244,1320.1763205744578,16.09588418392505,0.7124095565224832,0.2950440119753547,0.5431795393563298,0.8820638479240991,1.495,4141.413,5961.171,20439.721,30.207,0
245,1405.6254083456608,16.459034455128208,0.7151416285932007,0.29473418830761844,0.5428942699159924,0.876499706966623,1.584,4079.912,5801.762,22579.046,30.988,0
246,1552.752650394477,16.92806952662722,0.7167423367618316,0.29352707896597247,0.5417813940751126,0.8717994134271534,1.627,4101.21,5753.857,23149.837,31.182,0
247,1577.1520972016767,16.84734035996055,0.7199730905827539,0.3022294701013187,0.5497540087178252,0.8670236181140497,1.601,4365.134,5954.306,22092.746,30.284,0
248,1451.9000631780073,15.932361008382637,0.7280962102748557,0.3084125849441838,0.5553490658533458,0.8716791036063656,1.5,4867.47,6456.8,18726.53,28.049,0
249,1194.081098989152,14.107926528599604,0.740909104776072,0.31522309270957694,0.5614473196209747,0.8926159324906252,1.374,5507.3,7059.484,15432.024,25.644,0
250,942.7867125862916,12.371556028106506,0.756747308713949,0.3292403994850596,0.5737947363692522,0.9110413147685889,1.26,6366.645,7846.923,12553.076,23.02,0
251,712.2706098989152,10.620754746055226,0.7764246566812408,0.35716720013767456,0.5976346711308461,0.926353743462979,1.107,7585.261,8823.708,9879.617,20.456,0
252,554.7454850838265,9.273206360946746,0.7946220648765849,0.3886008622679732,0.6233785866293237,0.9337031575505348,1.01,9179.265,9955.892,8062.387,18.137,0
253,1720.8280796517251,20.727739035794905,0.6298920471641043,0.2169304597450349,0.46575794115080305,0.8818192278038756,1.707,2000.838,3648.984,26858.793,37.599,0
254,1729.3681675266043,20.438588358594,0.6379488436282917,0.2191423833520761,0.4681264608544107,0.8776877639597118,1.744,1962.14,3618.583,27835.59,37.892,0
255,1706.9923411802647,20.13812076749436,0.6428500389162616,0.22683958066614943,0.47627678997212264,0.8730724686793978,1.737,2027.23,3691.391,27099.021,37.147,0
256,1731.5429599322802,19.845211222186393,0.6503621856780742,0.23542406682749106,0.4852051801325817,0.8631622775329295,1.709,2123.361,3781.639,25679.012,36.189,0
257,1713.3645497420184,19.303309416317312,0.663010021125202,0.24150592293990764,0.4914325212477372,0.8617566172030836,1.694,2326.724,3967.831,24275.821,34.553,0
258,1441.0468498065143,17.49928450499839,0.6818982869246905,0.25694321047315016,0.5068956603416034,0.8738721434717526,1.604,2730.701,4429.911,20194.246,31.027,0
259,618.6222387939374,10.936986052886162,0.7542897913636913,0.37272273393688826,0.610510224268921,0.9022924790216017,1.245,5764.225,6831.752,9976.094,20.13,0
260,483.40557481457597,9.335305143502097,0.7765982244841885,0.41227038991708004,0.6420828528446154,0.898846179676459,1.115,7544.419,8090.78,7580.413,17.022,0
261,1222.9717228313443,17.427513302160587,0.6451819395170557,0.21290501461322509,0.46141631377014086,0.8623677243842658,1.516,2309.542,4196.533,20102.695,32.706,0
262,1150.5756106901,17.210375685262818,0.6410100609898978,0.20336613235795298,0.4509613424207811,0.8781149315786994,1.452,2381.888,4357.766,18399.621,31.497,0
263,1224.4235528861657,17.037387133182847,0.6563182580168172,0.20819323332734255,0.45628196691009226,0.8758749411850081,1.5,2460.516,4546.53,18271.992,30.232,0
264,1209.8605792486298,16.672172283134472,0.6667845682955643,0.21380904268770373,0.4623948990718904,0.8854595805693936,1.525,2483.037,4549.077,18500.247,30.208,0
265,1252.264219203483,16.574864962915193,0.6764184565708943,0.22351537786813097,0.47277412986343803,0.8766451053796449,1.611,2863.784,4932.69,17907.122,27.808,0
266,1253.0430808610122,16.326658739116414,0.6825231060658777,0.23379536335702425,0.4835239015364434,0.8741074841802461,1.584,3080.544,5041.547,17297.078,27.243,0
267,991.6848194130924,14.614972992583033,0.6925895244466956,0.24786627077152132,0.4978616984379511,0.8943398968901456,1.445,3713.122,5686.65,13764.148,24.226,0
268,864.9177886165753,13.635792889390519,0.7009737940652437,0.2620544419281,0.5119125334743232,0.9048455860951123,1.374,4456.923,6333.68,11717.129,21.764,0
269,742.471984843599,12.4117018703644,0.7218988043338075,0.2888307751108933,0.5374297862148071,0.915897257809894,1.311,4942.22,6754.683,10392.502,20.4,0
270,598.8862967591098,11.070068123186067,0.73771257871982,0.318197473530262,0.5640899516302892,0.9263121020010753,1.173,5932.794,7541.758,8337.33,18.271,0
271,461.243419461464,9.37158376330216,0.7644363868737463,0.3596028802243231,0.5996689755392746,0.9282805931354553,1.049,8550.56,9577.612,5792.999,14.397,0
272,423.19542083198985,8.446992905514353,0.7874656947351824,0.4090264971441694,0.6395517939496139,0.9191374941870629,1.1,9791.77,10149.989,5417.866,13.568,0
273,321.61638382779745,6.932541921960657,0.818159714062877,0.4677550238016778,0.6839261830063811,0.9178175992525279,0.974,11963.857,11377.789,4259.757,12.118,0
274,249.44345574008392,5.49688608513383,0.8539397895760695,0.5391834908201689,0.7342911485372603,0.9001058378247425,0.97,14836.742,12670.04,3723.664,10.91,0
275,1534.2775112866811,19.856598677845852,0.6242828936717943,0.20487425922112937,0.45263037814659474,0.8674062513244685,1.641,1711.694,3647.859,25618.379,37.534,0
276,1574.0777773298937,19.96608956788133,0.6264667034135454,0.20920094260473157,0.45738489547068734,0.8582972472650664,1.63,1815.084,3797.056,24205.705,36.09,0
277,1617.837864801677,20.256247984521128,0.6258346251093452,0.21204030057094536,0.46047833887268286,0.8575310670542443,1.636,1809.566,3771.23,24481.471,36.329,0
278,1620.7920126572074,20.145628426314094,0.6325555792996674,0.21764245090937148,0.46652165106173954,0.855047490857876,1.677,1833.528,3796.169,24888.939,36.052,0
279,1719.813769751693,20.27522371815543,0.6441945037395732,0.23555503809617828,0.485340126196236,0.8436374184005012,1.722,1944.709,3912.482,24827.266,34.961,0
280,1685.713902773299,19.47096702676556,0.658646849059547,0.2515425522059521,0.5015401800513615,0.8507935327518308,1.7,2133.648,4138.098,23006.714,33.09,0
281,1522.6752458884228,18.89165793292486,0.6577037305691613,0.2430914840000955,0.49304308533848795,0.870037411943178,1.616,2237.902,4217.21,21327.109,32.565,0
282,1276.7283537568526,17.678500886810706,0.6608043717947347,0.23833302182409158,0.4881936314866178,0.8894610003854817,1.555,2436.366,4440.67,19196.75,30.944,0
283,1179.6527833763303,17.10543977749113,0.662695313825502,0.2477148303286396,0.4977095843246738,0.886605711053185,1.488,2535.229,4428.173,18665.586,30.992,0
284,1222.3266990486939,16.919511851015802,0.6730089511487751,0.27043530747432615,0.5200339483863781,0.8633984035441863,1.518,2775.214,4527.676,18593.554,30.31,0
285,1052.0350794098679,15.290349887133182,0.6934933821703924,0.30033448657750933,0.5480278155144219,0.8418138498167073,1.461,3210.611,4840.408,17059.83,28.355,0
286,832.2300971460819,13.175618752015481,0.7196705709350357,0.3355491572228318,0.579266050466305,0.8468463051658742,1.376,3963.055,5445.57,14030.74,25.23,0
287,602.7301072234764,10.594616655917447,0.7567072472621029,0.3771530574448576,0.6141278836242966,0.8575968302195737,1.26,5396.536,6627.63,10121.088,20.744,0
288,1724.5396326429982,19.428023298816566,0.6741855246207952,0.2899528991279652,0.538472746875796,0.8372395589499895,1.735,3405.07,4997.318,30081.311,35.985,0
289,1722.715144230769,19.08512851331361,0.6825059228568598,0.29410403696461473,0.5423135965146132,0.8499773627726867,1.74,3429.335,5122.123,28944.765,35.059,0
290,1578.7429348496053,18.07297059911243,0.6943673797845804,0.3043706684070922,0.5516979865896668,0.8584042464110089,1.741,3562.441,5302.592,27997.705,33.854,0
291,1499.3635971400395,17.526557877218938,0.6988691413859915,0.3208289016588824,0.5664176035919809,0.856325662725557,1.733,3838.385,5641.097,25798.74,31.777,0
292,1477.5429302268244,16.9129684418146,0.711952127522448,0.3429795462466822,0.5856445562341395,0.8582850208625662,1.747,4087.407,5825.759,25217.139,30.768,0
293,1401.0096076799803,15.775047768737672,0.7271363043753633,0.3558412574904686,0.5965243142491918,0.8693946098989338,1.651,4686.025,6376.318,21521.044,28.232,0
294,1299.9710459812627,15.360939040927024,0.726991774290737,0.3560380545701635,0.5966892445571342,0.8751178198290456,1.609,5115.499,6680.006,19867.483,26.976,0
295,1054.399084689349,14.370546720907297,0.7251299563723904,0.35541839010150655,0.5961697661752955,0.8900962126097625,1.501,5523.672,6985.401,17483.93,25.796,0
296,839.7097201676529,12.65037136341223,0.7410062993479889,0.3759577345546917,0.613153924031064,0.9027482084704318,1.403,6168.466,7543.897,15055.491,23.876,0
297,658.0567446375741,10.803655078895462,0.7644681648732463,0.40118071692240403,0.6333882829058366,0.9023673792592575,1.319,7316.21,8487.101,12368.289,21.232,0
298,537.8531573594676,9.325382149901383,0.7895413954342629,0.4397075637968697,0.6631044893505621,0.8986273943295325,1.268,8713.577,9548.333,10417.037,18.848,0
299,458.87062376725845,8.41015625,0.8026263958241113,0.46965629177807994,0.6853147392097152,0.8929822458435405,1.194,9969.7,10268.033,9084.421,17.544,0
300,1131.3236140350878,14.704184210526316,0.7198636688261194,0.34332125589604495,0.585936221696564,0.8718138661111718,1.6,3508.47,5293.03,20738.798,29.73,0
301,1148.6231052631579,14.87872807017544,0.7153924612917156,0.32365679074330556,0.5689084203483945,0.8730494326214453,1.55,3691.545,5367.589,19692.657,29.359,0
302,1324.0126315789473,16.264877192982457,0.7019021111997787,0.3097336866920591,0.556537228487061,0.8621569938645761,1.645,3478.121,5064.674,22540.87,31.1,0
303,1362.1319736842108,16.642394736842107,0.7008054533758706,0.30026284933825786,0.5479624524894546,0.8675157152896892,1.658,3450.677,5008.314,22970.862,31.439,0
304,1298.7920350877193,16.36113157894737,0.6962384459266607,0.2905311201042631,0.5390093877700676,0.8695175217500962,1.574,3601.777,5186.797,20712.0,30.451,0
305,1250.831333333333,16.295657894736838,0.6896359688687029,0.28156282996691273,0.5306249428427886,0.8783829833748106,1.538,3601.101,5240.999,19926.22,30.166,0
306,1087.0395877192982,14.87424561403509,0.705327001367687,0.2847130010676362,0.5335850457683725,0.8931710468766458,1.483,3973.987,5720.751,17244.703,27.632,0
307,1021.7337368421053,14.318798245614035,0.7140421441884615,0.2943571216720529,0.5425468843077554,0.8910144394458451,1.516,4203.917,5918.97,17235.343,26.653,0
308,962.9941315789475,13.64351754385965,0.7258156148186176,0.30513875475146207,0.5523936592245263,0.8914869761131875,1.527,4667.493,6415.095,15727.19,24.537,0
309,973.744842105263,13.244552631578948,0.7367641818598545,0.317324610995691,0.563315729405536,0.8890374158208005,1.482,5282.453,6983.848,13649.751,22.581,0
310,1035.062745614035,12.709947368421052,0.7536217404432601,0.3369083367863189,0.5804380559425087,0.8744630410181821,1.469,6338.807,7866.303,11965.668,20.143,0
311,867.5759298245614,11.715921052631579,0.7605391153099507,0.34288394506001846,0.5855629300596294,0.8896990766868251,1.394,7251.754,8629.252,10026.268,18.369,0
312,662.4235350877194,10.27132456140351,0.7756820620370137,0.36123270842951666,0.6010263791461375,0.910925464258306,1.321,8120.47,9293.997,8849.179,17.029,0
313,464.81038596491226,8.58330701754386,0.7961875417744595,0.3843449559576024,0.619955608053998,0.924700035182645,1.158,10309.121,11030.493,6428.363,14.378,0
314,1543.6173508771928,18.828236842105266,0.6602641009146188,0.25369381389465995,0.5036802695109864,0.8502045894288499,1.682,2659.919,4413.837,26548.355,35.674,0
315,1456.6940789473683,18.080701754385966,0.6673129315050736,0.26161008653624185,0.5114783343761902,0.8485616628372553,1.653,2669.62,4460.811,25743.42,35.315,0
316,1250.7623245614034,16.91859649122807,0.6759351023688631,0.26825120387042173,0.517929728699195,0.856288738132417,1.604,2858.608,4695.053,23643.983,33.567,0
317,1324.3530964912281,16.96919298245614,0.6789673747924752,0.2751331560191598,0.5245313680030583,0.84017198556206,1.617,2958.832,4771.986,23296.824,33.011,0
318,1393.2583771929826,17.13914035087719,0.6837217130796929,0.2841807954370575,0.5330861050872152,0.8354804105856949,1.633,3060.305,4801.333,23367.478,32.818,0
319,1256.3685701754384,15.649359649122808,0.7070360639782753,0.30265021723030167,0.5501365441690832,0.8534601637570145,1.59,3567.223,5372.821,20169.013,29.422,0
320,1162.714096491228,15.295921052631579,0.7047403865541335,0.29786893703831957,0.5457737049715015,0.8652130934121571,1.507,3813.265,5613.406,18119.405,28.206,0
321,845.1519210526316,13.553403508771929,0.7122778692063748,0.30094865538434906,0.5485878738947381,0.8925417162919668,1.396,4216.815,6024.087,15350.227,26.283,0
322,644.7159210526315,11.619008771929824,0.7323051828622215,0.32478673516851336,0.5699006362239942,0.8938544116836112,1.257,4806.62,6561.25,12676.94,24.149,0
323,1303.172283345661,17.23125462278107,0.6673530778644897,0.25860723731571117,0.5085344013099912,0.8928907162111178,1.488,3125.944,5133.559,23839.631,35.028,0
324,1404.1032806336293,17.746933555226825,0.6692481196283515,0.2640168001630162,0.5138256515229813,0.8833989910603525,1.566,3017.573,5035.655,25461.262,35.609,0
325,1391.3983835675542,17.852109529092704,0.6655428607075088,0.26250415243099506,0.5123515906396652,0.8809320772414213,1.552,3032.005,5079.759,24998.683,35.296,0
326,1550.757951183432,18.38118682199211,0.6696274546852603,0.26138346987760597,0.5112567553368913,0.8657733094410308,1.655,3066.097,5035.161,27428.633,35.573,0
327,1617.875631780079,18.62216469428008,0.6745660838604064,0.2663247882706531,0.5160666509964126,0.8569192722664682,1.692,3060.509,5018.638,28284.095,35.715,0
328,1613.3924278846157,18.509515224358978,0.678562986275252,0.27258609299523395,0.5220977810671426,0.8549754066142742,1.641,3254.301,5228.388,26317.982,34.392,0
329,1503.5560126972387,17.543068910256412,0.6890138515500086,0.27392029854927497,0.5233739566975749,0.863071004834279,1.599,3531.023,5527.646,23990.181,32.497,0
330,1355.1112164077908,16.853373089250493,0.6908179642203497,0.27374078768797194,0.5232024347114336,0.8767704821484588,1.562,3694.769,5668.017,22655.769,31.725,0
331,1184.3325397559172,15.98022220167653,0.6944847601728726,0.28137741507958686,0.5304502003766111,0.8898483335219911,1.458,3941.027,5895.301,20343.785,30.547,0
332,1038.3650302021697,14.820597571499015,0.707730423202906,0.3053563985336374,0.5525906247247029,0.8997752307464627,1.415,4252.576,6042.087,19651.158,29.826,0
333,808.6289447731757,12.828933986686392,0.7278387510117579,0.3321167618509655,0.5762957243039076,0.903981525926275,1.28,5052.357,6788.578,15483.218,26.501,0
334,632.3363843688362,11.292460244082838,0.740559546337117,0.3556379428330444,0.5963538738308358,0.9125231159039264,1.095,5973.602,7592.471,12033.434,23.711,0
335,551.8415695882645,9.866293762327416,0.7704930468121186,0.40656998369078257,0.6376284056492328,0.8978026949581406,1.137,7246.685,8373.233,11281.331,21.479,0
336,436.07776288214995,8.487996178500985,0.7911885039880258,0.4490832778640803,0.6701367605676324,0.8974840726306661,1.045,9069.973,9623.989,8901.393,18.718,0
337,283.43198348126236,6.214920796351086,0.8358086751269104,0.49976768053042336,0.7069424874276714,0.8917569244119775,0.821,12915.043,12485.561,5234.837,14.437,0
338,1450.5958918885601,17.39884584566075,0.6952057087109479,0.31739174656910846,0.5633753159032693,0.8899391964888727,1.776,3388.072,4767.332,33173.368,37.503,0
339,1583.3325243466466,18.07730060404339,0.6925006971273666,0.31314240481267847,0.5595912837175705,0.8710552384220969,1.831,3340.085,4640.322,35384.94,38.48,0
340,1489.0537321252468,17.51090976331361,0.6924586373501586,0.309375224798662,0.5562150886111074,0.8687864584197853,1.767,3531.694,4808.062,32482.472,37.18,0
341,1431.6762512327418,17.694287783530573,0.6814339492418064,0.30305188149494966,0.5505014818281143,0.8820942086033042,1.72,3512.345,4812.485,31544.514,37.266,0
342,1404.508151503945,17.060157790927022,0.6921983506938566,0.3082134863116248,0.5551697815187934,0.8807797189353004,1.715,3687.443,5017.668,29892.366,35.745,0
343,1536.3572870438854,17.72381964990138,0.6904992886565114,0.3113155731175883,0.5579566050488051,0.8705901686261531,1.772,3521.991,4798.72,32801.433,37.37,0
344,1443.09269446499,17.1639700443787,0.696924059142502,0.31396637741860617,0.560327027206975,0.8729399242298332,1.754,3674.704,4944.922,31286.257,36.227,0
345,1410.9911011464499,16.583687746548325,0.7069919550103618,0.33114953404275704,0.5754559357959191,0.8715218475231928,1.729,3936.17,5144.134,29331.807,34.871,0
346,1300.4082069773176,15.51690396942801,0.7225720074841896,0.3466793113490552,0.5887947956198791,0.8805927569043996,1.671,4342.208,5482.013,26478.111,32.761,0
347,1135.4433555226826,14.254068047337281,0.7343675774190623,0.35833401452174746,0.5986100688442748,0.8924799579384228,1.566,5004.133,6021.96,22216.297,29.895,0
348,922.1428593441815,13.122919748520713,0.7421439388096609,0.3626528116786592,0.602206618760255,0.9075663105933429,1.495,5402.248,6288.995,20202.436,28.656,0
349,852.1681151380669,12.594204573471401,0.7492851198768821,0.38137891335247315,0.6175588339198729,0.9034201961420112,1.475,5765.431,6435.881,19734.146,28.024,0
350,709.8506533530573,11.065782174556215,0.7708171613424294,0.40516540659690004,0.6365260454976686,0.9059080473907107,1.353,6764.683,7197.791,15968.941,25.027,0
351,584.7075705744576,9.51481601331361,0.7947825753086726,0.4369988611815959,0.6610588938828339,0.9050115506865044,1.317,8105.007,8102.932,13681.389,22.247,0
352,1281.32845629931,15.010031434911246,0.7365550211174836,0.34849391235440863,0.5903337296431643,0.8962355084055893,1.547,5244.948,6573.548,18690.122,27.365,0
353,1286.1260863535504,14.769276997041421,0.7437185808307595,0.35399974268577383,0.5949787749876241,0.8952801305477596,1.559,5499.2,6725.901,18548.091,26.784,0
354,1316.9809310281066,14.79709072978304,0.7498469594782263,0.35401180949351985,0.594988915437523,0.8836822306655124,1.611,5579.725,6776.536,19324.804,26.563,0
355,1339.1369652983235,14.9526704265286,0.7471569526677471,0.3546649026234633,0.5955374905272239,0.8749529474014631,1.636,5495.704,6676.697,19973.564,26.925,0
356,1377.9365369206112,15.046728611932934,0.750314570096391,0.36026440419376404,0.6002202963860552,0.8629648380274235,1.651,5506.215,6696.06,20009.786,26.736,0
357,1099.0095845660749,14.336553870808679,0.7274243697442717,0.2921239217374681,0.5404848950132354,0.8978431333059418,1.504,4702.784,6588.583,18048.491,27.198,0
358,1128.6977163461538,14.343349358974361,0.7331074721243431,0.2952988429433274,0.5434140621508864,0.8940467064499051,1.547,4697.93,6599.051,18655.099,27.156,0
359,1112.7592224482248,14.421289447731755,0.7311810880868629,0.29961055198523323,0.5473669262800167,0.894526764457895,1.559,4834.189,6614.223,19010.645,27.083,0
360,1064.3601685774163,13.926628759861932,0.7382430373914665,0.30730811548859854,0.5543537818835537,0.8933106153580584,1.559,4980.974,6660.378,19117.187,26.93,0
361,805.4239559819413,14.298351338277977,0.6644793996104643,0.2107255940102209,0.45904857478291,0.879985270208915,1.346,2202.587,4951.47,14539.645,27.775,0
362,886.5588318284422,15.065049580780391,0.654097066315676,0.196309821648598,0.4430686421409193,0.854433960336653,1.366,2269.499,5015.433,14494.872,27.361,0
363,983.2296436633341,15.655746130280551,0.6542013888747625,0.19485221051498863,0.4414206729583342,0.826805092523808,1.401,2532.087,5413.757,13571.795,25.439,0
364,917.6739358271525,15.09772049338923,0.664121521096348,0.20274290208812548,0.4502698103227947,0.8325091795726852,1.37,2667.398,5663.15,12500.572,24.32,0
365,911.8938850370847,14.89594082554015,0.6671092423718642,0.20802185025442751,0.45609412433666313,0.8267887456846179,1.381,2692.301,5721.315,12338.73,24.011,0
366,962.8085194292164,15.06296356014189,0.6695422982040875,0.21864403827782405,0.4675938817797171,0.8135327857449214,1.405,2739.911,5697.012,12556.031,24.136,0
367,735.4013826185101,12.691954208319896,0.7041235459790016,0.24423403100695643,0.49420039559571016,0.8367053018170505,1.202,3388.639,6253.364,9565.146,22.063,0
368,491.4565765075782,10.603525072557241,0.7224460509314269,0.2571269054431188,0.5070768240051193,0.878252459313343,1.015,3782.194,6751.747,7670.518,20.419,0
369,1712.7043796356013,20.3945299903257,0.6365663816723794,0.22182779041277498,0.47098597687486937,0.857172500715773,1.768,1935.872,3560.214,29488.998,38.488,0
370,1563.2374032570142,19.206092792647542,0.6494634194468288,0.22705090919519175,0.47649859306737913,0.8654969355952765,1.73,2104.927,3782.981,26663.975,36.184,0
371,1504.6471904224443,18.463388826185103,0.6601309728935892,0.24023084835118444,0.490133500539582,0.8619363219379365,1.691,2238.899,3929.242,24741.891,34.814,0
372,1410.3805627217025,17.177241212512094,0.6817525747513121,0.26152123839647834,0.5113914727451743,0.8621213262630084,1.63,2537.218,4257.721,21914.393,32.205,0
373,1239.5586302805543,15.964094243792326,0.6917763222617925,0.27215873731718404,0.521688352675411,0.8752756337014858,1.515,2905.461,4633.397,18539.948,29.714,0
374,952.4920287810381,14.058781441470492,0.7055433237676544,0.27377873147632487,0.5232386945518507,0.9001616349934282,1.375,3345.401,5085.325,15054.239,27.073,0
375,1531.6722807017543,18.618877192982453,0.6669361779969891,0.27825364289012006,0.5274975288000125,0.8850573677432997,1.729,2634.982,4181.682,29907.562,37.571,0
376,1638.040315789474,19.179096491228076,0.6640056204069439,0.2646618343432596,0.5144529466756504,0.8767955726350729,1.718,2658.231,4212.942,29194.467,37.306,0
377,1650.786903508772,19.03505263157895,0.6668087321247723,0.2583058294859956,0.5082379654118685,0.8814417612043988,1.683,2716.821,4237.484,28059.78,37.074,0
378,1401.5477192982455,17.85800877192983,0.6676940768775376,0.2551121305594029,0.5050862605133928,0.8998480653401308,1.583,2740.442,4406.242,25068.967,35.733,0
379,1534.0836228070175,18.44198245614035,0.6706375424391124,0.2634506697637734,0.5132744585149094,0.8879648182011668,1.695,2873.619,4421.844,26866.372,35.58,0
380,1344.8890614035088,16.981850877192983,0.6846310887552389,0.2734601006655894,0.5229341265069525,0.8944779248659778,1.668,3065.766,4622.399,25145.291,34.015,0
381,1300.2704210526315,16.304736842105264,0.6934537780795664,0.28203620845837174,0.5310708130356739,0.892665170872607,1.583,3254.452,4804.116,22726.849,32.734,0
382,1289.3185438596493,15.996114035087723,0.7014118939373779,0.2955132757002156,0.5436113277887205,0.8933366348857547,1.562,3431.302,4877.311,22092.199,32.277,0
383,1090.8991140350877,14.516508771929823,0.7136069143437582,0.3099152304843795,0.5567003058058972,0.9045067175128176,1.44,4012.979,5407.923,18237.696,29.194,0
384,815.5771140350877,12.238140350877195,0.7396703983802663,0.32272110175246255,0.5680854704641394,0.924305152898301,1.289,4765.645,6167.377,14059.601,25.644,0
385,674.304149122807,11.038929824561402,0.7532347235883624,0.34663291025123116,0.5887553908468535,0.9279246267700801,1.214,5381.085,6637.788,12457.563,23.828,0
386,600.487807017544,10.327280701754384,0.7637046867588629,0.3723958907067558,0.6102424851702443,0.9296635015763647,1.21,5765.002,6753.021,12400.149,23.403,0
387,1517.6836014546354,18.338580189842215,0.674935256706054,0.275947251740665,0.5253068167658449,0.8768763802803485,1.708,3077.964,4702.234,31697.638,38.049,0
388,1486.9938825197241,17.94336322731756,0.6765990303009606,0.27520996686829785,0.5246045814404386,0.8820406352226875,1.684,3142.555,4715.977,30745.3,37.941,0
389,1468.3973588510846,17.403091099605522,0.688774744183721,0.27928269797602956,0.5284720408650108,0.8801111778231634,1.702,3228.909,4808.332,30466.018,37.215,0
390,1473.0303639669626,17.697261772682445,0.6840720734526646,0.2759359703213705,0.5252960787226291,0.875872029241136,1.719,3213.711,4717.013,31601.151,37.945,0
391,1429.6914987056218,16.910757211538467,0.7002545179808384,0.2894339965657901,0.5379907030477293,0.8768412793688513,1.693,3453.856,4958.08,29449.843,36.093,0
392,1295.305388621795,15.630724543885606,0.7181720173209697,0.3038243025370759,0.5512025966349178,0.8828821999015372,1.59,4022.533,5535.092,24367.515,32.372,0
393,1046.1836707963507,14.130000308185402,0.727763387239598,0.3156328845699066,0.5618121434873997,0.9008035664616085,1.527,4517.055,5938.196,21585.082,30.233,0
394,914.7726747411245,13.096916605029588,0.738475715644886,0.32792135033650294,0.5726441742797205,0.9128595756650126,1.475,4889.629,6187.6,19984.204,29.042,0
395,1340.387979683973,18.000554256691387,0.6475970609922784,0.22933166814045444,0.47888586128685656,0.8920854300872043,1.636,1912.277,3825.062,24447.958,35.832,0
396,1409.3973818929376,18.62589688810061,0.641026225179862,0.21443031240914573,0.4630662073711984,0.8805975063162456,1.654,1972.043,3821.812,24480.14,35.824,0
397,1361.2350753789099,18.206647049338923,0.6447116932221896,0.20814606378535036,0.45623027495481966,0.8879274553555732,1.568,2079.518,4014.622,21908.856,34.256,0
398,1349.8282308126413,18.124203885843272,0.644347692316509,0.21041262774539454,0.45870756233726356,0.8835622263493391,1.554,2094.819,4032.536,21389.368,34.071,0
399,1286.793665349887,17.51855248306998,0.6538123848189779,0.219187884681214,0.46817505773077445,0.8835096090746537,1.576,2224.397,4274.44,20112.891,32.14,0
400,1273.579752499194,17.014410673976137,0.6639358271895466,0.22935717537713174,0.47891249240036715,0.8835071321773406,1.566,2281.46,4302.185,19935.671,31.976,0
401,1269.3440019348598,16.29302039664624,0.6805694864073104,0.23569137398653614,0.4854805598440952,0.8792772833998231,1.595,2541.786,4608.922,18696.1,29.807,0
402,1213.761558771364,15.539876249596903,0.6910369850576001,0.24624118963901143,0.4962269537610905,0.8886780416766201,1.547,2736.859,4797.674,17282.319,28.64,0
403,1111.6803047404064,14.720140680425668,0.7057639581481635,0.2589590205181266,0.5088801632193247,0.8951962204846733,1.53,3086.721,5114.836,15904.449,26.895,0
404,892.2830740083845,12.78872742663657,0.729983153025523,0.27506967798406023,0.5244708552284485,0.9104881241727677,1.42,3867.694,5969.261,12364.16,23.079,0
405,754.6178047404064,11.805274508223155,0.7373315763334686,0.28826192902441256,0.5369002970984581,0.9219079344539006,1.359,4239.323,6287.125,11144.773,21.923,0
406,584.9789987100935,10.606145195098357,0.7472142998894442,0.31088219171191056,0.5575681049987621,0.9309613623793018,1.186,4736.178,6729.214,9227.243,20.521,0
407,481.5960980328926,9.305687681393099,0.772418847249764,0.344643169172224,0.5870631730676213,0.9360384862093549,1.116,5778.288,7616.688,7583.476,18.134,0
408,367.3990547404063,7.90218881006127,0.7958725542646423,0.39311796512830455,0.6269912002000543,0.938341461864628,0.971,8219.92,9699.172,5192.512,14.254,0
409,278.4940341825218,6.636014592067074,0.8186464412226374,0.45230277960374576,0.6725345936111731,0.9374797710161389,0.886,11736.847,12381.737,3619.324,11.178,0
410,1321.9112786198,17.94818203805224,0.6516842414383807,0.2609227742485174,0.5108060045149405,0.835549942539653,1.633,2064.562,3941.3,23886.472,34.768,0
411,1274.6432803934215,17.796376168977748,0.6510669854357968,0.23140668398186412,0.4810474862026244,0.8281196522515948,1.565,2393.162,4316.749,20271.847,31.799,0
412,1178.632074330861,17.111466059335697,0.656353438324863,0.2362326726189374,0.48603772756745683,0.8435144383057702,1.557,2498.487,4509.907,19136.578,30.403,0
413,1143.1225612705578,16.772603595614317,0.6599306392509795,0.23429089117437887,0.4840360432595685,0.8532832963715823,1.515,2621.758,4618.814,18156.102,29.701,0
414,1176.2042788616577,16.29118631086746,0.6788601968874928,0.2468463885100893,0.4968363800187032,0.8507597181327138,1.545,2787.942,4746.597,17894.989,28.923,0
415,1156.073746372138,15.725693324733955,0.6923840621760307,0.2660050670120403,0.5157567905631881,0.8553099417992625,1.542,3076.257,5023.353,16861.001,27.335,0
416,1008.9315744920993,14.303400112866818,0.710979010431434,0.2916383615148743,0.5400355187530486,0.8770797845254588,1.48,3795.169,5811.784,13765.076,23.701,0
417,937.2590797323443,13.45638503708481,0.7240646915536004,0.30838435152779126,0.5553236457488473,0.8831658587662546,1.388,4326.181,6260.482,12228.333,22.085,0
418,884.9990023379554,13.232556030312802,0.7209126245035137,0.309825547911524,0.5566197516361812,0.8871734299214159,1.322,4697.415,6512.241,10894.998,21.238,0
419,620.45035875524,11.339839970977103,0.739652536997256,0.3295972406424819,0.5741056006019118,0.9178756054307544,1.205,5489.981,7125.708,9179.993,19.355,0
420,508.22378869719444,10.142050951306029,0.7535143483455797,0.36547848811659334,0.6045481685660733,0.9060278470225644,1.148,6597.439,7925.73,7837.258,17.385,0
421,867.3112907126733,14.087088842308935,0.6895729926368985,0.2879590499666187,0.5366181603026668,0.861774826370133,1.493,3107.772,4818.13,17403.895,28.479,0
422,834.6329309093842,13.95688890680426,0.6926962324551068,0.27011059894084044,0.5197216552548494,0.8656632490437226,1.49,3250.048,5077.838,16229.342,27.066,0
423,795.9290349887132,13.433670590132213,0.7006267037342114,0.2702042603431048,0.5198117547180948,0.8865587007709158,1.46,3622.53,5609.17,14082.645,24.562,0
424,818.6295549822638,13.414684779103514,0.7044572034843556,0.27618034331889646,0.5255286322541298,0.8923928968542105,1.439,4150.9,6290.417,11791.425,21.886,0
425,788.2058811673653,12.898278781038375,0.7157303389706237,0.2843048613370843,0.53320245811238,0.8977853033455615,1.476,4480.809,6664.76,11315.542,20.683,0
426,822.358624234118,12.987050548210256,0.7217751854309836,0.2908524427835339,0.5393073731959669,0.8971553406835213,1.467,4418.774,6605.47,11321.386,20.847,0
427,799.8321609964527,12.602910351499515,0.7299416635683195,0.29514527748536035,0.5432727468641882,0.903256352047518,1.512,4605.168,6762.501,11399.049,20.346,0
428,759.2647029184131,12.2082090454692,0.7357116610682871,0.3058799295226122,0.5530641278573509,0.9093129037777391,1.469,4665.883,6820.752,11002.431,20.193,0
429,785.5956747823282,12.310706223798777,0.735632932661993,0.31465879866638935,0.5609445593518038,0.8995035658417877,1.423,4890.746,6902.598,10651.897,19.989,0
430,643.4171033537569,10.861042808771368,0.753672301273655,0.32937802903176855,0.573914653090308,0.8912673935415056,1.242,5506.834,7566.334,8214.49,18.256,0
431,483.9624415511126,9.404939938729443,0.7711072887694038,0.34873210067257604,0.5905354355773885,0.9045576900931921,1.105,6731.204,8831.909,5944.413,15.643,0
432,403.32586262495977,8.404526765559497,0.7877831917848791,0.3767525090467686,0.6138016854381948,0.9098486988557145,1.039,8181.228,10029.082,4734.604,13.792,0
433,1170.6986331977319,17.058131471893493,0.6560411004040577,0.2339315800611733,0.48366473931967924,0.8539008554448569,1.433,2834.283,5130.445,23171.946,34.959,0
434,1042.7215082593689,15.089535564595664,0.6911200335114963,0.2636096581956789,0.5134293117807737,0.8591641786613882,1.401,3488.332,5914.886,19206.937,30.409,0
435,1013.8754314595658,14.927776750493093,0.6911060366802527,0.26779001372188904,0.5174843125369977,0.8607511720601098,1.413,3586.905,5976.371,19063.849,30.002,0
436,1005.86506102071,14.608319464990139,0.6979317560020312,0.2818174908938233,0.530864851816188,0.8593240596080389,1.433,3730.853,6078.18,18835.48,29.488,0
437,998.5860761834319,13.942608173076922,0.7181484443977453,0.30815336482381644,0.5551156319397036,0.8591175903877689,1.463,4166.236,6441.857,18014.878,27.822,0
438,916.0683786365878,13.104852379191323,0.7342818266373462,0.33066512679948357,0.5750348918104741,0.8706087553860806,1.441,4786.341,6992.032,16352.872,25.671,0
439,932.740199704142,12.940982495069033,0.7391112830793923,0.3373416287743128,0.580811181688432,0.870063752343572,1.389,5267.677,7379.141,14992.561,24.411,0
440,940.42970290927,12.824534640039445,0.7390365620885807,0.3356570652943101,0.5793591850435359,0.8686874584569917,1.369,5810.045,7848.676,13716.667,22.979,0
441,702.5896819526628,11.666158160749509,0.7385628374972477,0.32635826630044357,0.5712777488231479,0.8971075915714993,1.218,6181.337,8092.943,11935.589,22.263,0
442,592.8791065705128,10.587986932938858,0.7580651280972979,0.34552809326071676,0.5878163771627299,0.9065879355377459,1.177,6934.387,8633.038,10797.167,20.839,0
443,1505.3516405998066,20.467691873589168,0.6044642401725029,0.19047844557313526,0.43643836400245023,0.871087107998469,1.645,1494.676,3336.771,28909.358,41.035,0
444,1684.957987342793,20.517393582715258,0.6246965181683567,0.19373987308286267,0.44015891798629125,0.85133629347904,1.771,1611.922,3395.61,30696.471,40.291,0
445,1493.1249496130283,20.47467550790068,0.6052267944882205,0.19301998409884827,0.439340396616164,0.8453644874402322,1.615,1724.79,3489.776,27045.261,39.323,0
446,1674.9496936472103,21.336655514350205,0.6048409901890016,0.19479079121215498,0.44135109744075063,0.8362467516225615,1.682,1839.094,3526.725,28111.47,39.047,0
447,1640.2905715898098,20.893290470815867,0.6115629295249699,0.19253370533898503,0.43878662848699596,0.8286413436858973,1.675,1797.051,3565.046,27263.386,38.503,0
448,1382.082846259271,19.441460415994836,0.614870841831372,0.20229617478073267,0.44977347051680655,0.8451331555450502,1.536,1931.884,3793.571,23203.889,36.265,0
449,1499.4237947436309,19.38447275072557,0.6314798848420408,0.21927526660100663,0.46826837027607005,0.8268253371172484,1.671,1983.907,3791.91,25428.297,36.189,0
450,1432.361395517575,18.161762334730735,0.6552998956262623,0.233565297490146,0.48328593760851973,0.8377347977781284,1.66,2308.231,4135.377,23121.906,33.24,0
451,1156.8556312479845,15.985750564334086,0.672395830931856,0.24507919620705806,0.49505474061668986,0.8629241984381656,1.471,2972.576,4934.122,16524.624,27.928,0
452,1092.30368227991,15.610045146726865,0.6757669544779064,0.2462543004858091,0.4962401641199643,0.8663147348371399,1.514,3236.055,5072.006,16536.363,27.157,0
453,784.0258888261848,13.664150677200897,0.6919288024530851,0.2654818469374708,0.5152493056157095,0.8982577263595444,1.387,3560.692,5298.274,14372.755,26.01,0
454,548.864841986456,10.748306997742665,0.7377491808015918,0.32184253998118073,0.5673116779876656,0.8984819874741629,1.237,5236.003,6718.59,10106.687,20.577,0
455,1662.486788535956,21.687399226056108,0.5913705836267844,0.16590578094924618,0.40731533355527655,0.8460287531206404,1.621,1604.282,3505.586,26807.827,39.159,0
456,1671.016033134473,21.677412528216706,0.5917518020311094,0.16714145604818292,0.40882937278060505,0.8437407262918195,1.66,1541.828,3478.545,27598.122,39.42,0
457,1663.8399608997095,21.34682360528862,0.6004747951643151,0.17016495263517398,0.41251054851382163,0.8401122786440325,1.703,1588.643,3541.821,27704.921,38.702,0
458,1719.4304458239276,21.368973718155438,0.6048894868638407,0.17259619548734495,0.41544698276355907,0.8318556901910678,1.722,1618.003,3570.753,27672.577,38.322,0
459,1614.6539422766846,20.617562882940984,0.609692582034493,0.17484927738308587,0.41814982647740734,0.8386686699294901,1.68,1737.451,3710.2,25935.646,36.908,0
460,1511.234692437923,19.590454692034825,0.6256627487527802,0.1865588441071187,0.43192458150366797,0.844329364831409,1.656,1910.347,3899.049,24140.568,35.167,0
461,1267.513503708481,17.31623871331828,0.6539419945000672,0.1966355030428434,0.44343601910855573,0.862347833061626,1.548,2269.503,4358.803,19994.584,31.561,0
462,947.5938406965497,14.854411883263465,0.6796211614021763,0.21086937265733083,0.4592051531258451,0.8901608025500747,1.422,2815.595,5035.295,15508.268,27.342,0
463,830.490829571106,13.779919783940663,0.6893973469175121,0.22595346514699519,0.47534562704099337,0.8951679736545595,1.363,3239.557,5483.661,13431.267,25.097,0
464,896.8032236193294,11.76928470167653,0.772158807477966,0.3525625830902915,0.5937698064825219,0.8999263119484829,1.435,6642.699,8257.18,13112.673,21.833,0
465,935.8608774038462,12.506479598126234,0.7590315443432395,0.3459756292672277,0.588196930684977,0.9046170974079731,1.424,6309.803,7812.693,14101.333,23.154,0
466,1000.3030310034518,12.9596662352071,0.7555391726240515,0.3426630093831361,0.5853742472838518,0.90737048777944,1.491,6094.679,7475.499,15768.838,24.193,0
467,992.8793531188364,12.611293454142011,0.7664305714423201,0.34658740328474696,0.5887167428269278,0.9179330035799022,1.514,6488.351,7804.453,15263.367,23.166,0
468,793.2003051035502,11.10593102810651,0.7806682530331239,0.35540013322772734,0.5961544541708359,0.9368346742109627,1.371,7666.023,8914.77,11809.319,20.291,0
469,689.094173754931,10.489421535996055,0.7811743415287035,0.3608858676171337,0.6007377694278375,0.9461110161722618,1.203,7946.317,9169.173,10290.135,19.723,0
470,567.6789016272188,9.64263590976331,0.7878602307670025,0.37458238276346967,0.6120313576635348,0.951595638940925,1.033,9253.3,10232.224,8149.647,17.773,0
471,431.93774654832333,8.451067862426035,0.7986487831533352,0.3963477123488995,0.6295615238790403,0.9572542665899325,0.854,11087.7,11645.218,6246.104,15.621,0
472,309.61296535996064,6.922984467455623,0.8193405877790233,0.4301765286545743,0.6558784404556794,0.9628154180284567,0.717,13784.625,13593.529,4725.865,13.345,0
473,260.3688594058185,6.045642258382642,0.8377463368259985,0.47680916857483174,0.6905136990493612,0.9583122414097983,0.685,17445.272,15913.087,3511.396,11.371,0
474,201.47781065088762,4.820520525147929,0.8677143571021753,0.5336824824058931,0.7305357502585983,0.9515455804814699,0.652,23684.533,19613.641,2523.744,9.236,0
475,138.56931089743588,3.508243959566075,0.9005992362280841,0.6022491960095254,0.7760471609441822,0.9409531676419871,0.598,33874.234,25243.039,1589.03,7.189,0
476,82.67259153106511,2.2202909270216966,0.9346956928119894,0.687080960167467,0.828903468545926,0.9033010108919513,0.501,50634.921,33501.976,1022.562,5.43,0
477,1218.2863592389551,17.334065623992263,0.6523215354054761,0.2297449570310432,0.4793171779010671,0.8716430322708927,1.65,2381.984,4118.964,22946.557,33.382,0
478,1256.7751027894228,17.054821025475654,0.6680245258719004,0.2322993182190375,0.48197439581272106,0.8753815954005969,1.684,2541.141,4311.812,22505.338,31.898,0
479,1389.860589326024,17.51657731376975,0.673075660682352,0.23364226606262814,0.4833655615190517,0.8600875276849511,1.756,2554.948,4310.948,23624.184,31.901,0
480,1345.0345856175427,17.212743872944213,0.6749206907227069,0.23908818533171264,0.4889664460182443,0.8624972150976913,1.729,2640.039,4425.309,22327.344,31.038,0
481,1228.6458198968073,16.079208319896807,0.6917099825283619,0.24897665279642722,0.49897560340804964,0.8729297463291892,1.659,2934.675,4804.278,19287.401,28.568,0
482,1143.642383505321,15.175971460819094,0.7069411193957411,0.2600773675406005,0.5099778108316091,0.8812927444735833,1.629,3396.002,5276.126,17244.149,26.08,0
483,970.4288636730088,13.75188447275073,0.7232880468531656,0.27442269273893805,0.5238536940205137,0.8930976423997725,1.515,4180.364,6046.988,13730.716,22.815,0
484,761.4290249113191,12.60142897452435,0.7234263351009035,0.2853593649783588,0.5341903827085983,0.9082284303230828,1.406,4670.482,6528.682,11579.877,21.142,0
485,642.5283678652049,11.616807078361818,0.7325306170117845,0.3073196410744053,0.5543641773008112,0.9124156883612441,1.323,5079.849,6842.358,10508.773,20.171,0
486,509.7463519832312,9.832816027088034,0.7636187499888125,0.3395942938800178,0.5827471955145025,0.9150324889950778,1.257,6419.358,7941.881,8357.728,17.396,0
487,431.78926152853927,8.875483714930668,0.7784196943322071,0.3692877579843838,0.6076905116787523,0.9055002672936958,1.215,7901.826,8987.831,7205.924,15.384,0
488,1259.7414170364889,16.506163708086785,0.6975836096122132,0.2968699331852586,0.5448577182946559,0.8647037123682895,1.493,4251.729,6066.232,20406.814,29.67,0
489,1280.489791358481,16.51342917899408,0.6992125567461244,0.3014370584021,0.5490328390926175,0.8622555549797218,1.522,4340.43,6036.834,20894.027,29.825,0
490,1137.4451738165678,15.06867141272189,0.7173499488332253,0.3137015944596208,0.5600907019935439,0.8664110413169195,1.484,4777.712,6461.02,18538.178,27.812,0
491,1120.6227656558187,14.811714127218938,0.723162325357938,0.31834671809539583,0.5642222240353493,0.856749622336197,1.506,5065.689,6690.796,18486.795,26.845,0
492,1096.1107541296844,14.605229906311635,0.7278239381954118,0.3329223021182294,0.5769941959138145,0.8595549534544752,1.532,5244.976,6740.67,18820.713,26.647,0
493,877.6683616863908,12.70126047830375,0.7486584787635,0.3482555397358726,0.5901317986144049,0.8833692351351452,1.379,6493.251,7930.28,14081.986,22.774,0
494,732.3936914447731,11.522066074950688,0.7580382413093998,0.35122618434020575,0.5926433871563959,0.8970651321889653,1.291,7736.497,8974.551,11392.571,20.094,0
495,609.7613181089743,10.202223557692307,0.7764792510531501,0.37782271325211886,0.6146728505897416,0.9073217614326542,1.095,9083.676,9998.886,8919.621,18.119,0
496,504.24326614891504,9.229074211045361,0.7890078223866207,0.39240516751877197,0.626422515175478,0.9110918861976965,0.971,11176.026,11767.135,6833.654,15.41,0
497,1274.2659525153178,17.55443808448888,0.6519529856345452,0.23127605729817813,0.480911693867157,0.8879697254005467,1.665,1958.382,3848.287,24709.124,35.556,0
498,1372.4910210415997,18.424207916801038,0.6390736054978754,0.21396012573710174,0.4625582403731467,0.8786433307002065,1.587,1954.494,3914.584,22966.085,34.992,0
499,1080.2274331237672,15.136418269230768,0.6974719420405736,0.2929011228787636,0.5412034025010962,0.8667512459640401,1.539,3815.11,5745.364,22075.624,31.149,0
500,1140.9291635848126,15.632851023175544,0.6929977652300526,0.2779404811332966,0.5272006080547486,0.8617499639763414,1.545,3922.419,5863.784,21628.505,30.504,0
501,1243.0574765779093,16.74711846646943,0.6771139116010353,0.26727439588580126,0.5169858759055235,0.8565517351176304,1.557,3677.918,5626.672,22805.129,31.871,0
502,1257.9779493343196,16.4326846030572,0.6883496618216214,0.2745269652453163,0.5239532090228252,0.8644632522788293,1.579,3836.101,5850.087,22106.181,30.668,0
503,1111.2825597879685,15.513606385601578,0.6948758276399505,0.28631545187044044,0.5350845277808361,0.8726246626000573,1.527,4164.687,6080.896,20532.002,29.528,0
504,1077.167683678501,14.568293885601578,0.7148088173675459,0.2986231585893004,0.5464642335865179,0.8710468332064817,1.53,4776.263,6652.267,18604.007,26.987,0
505,1115.2715036365878,14.781535071499015,0.7147169649672884,0.3135389312027293,0.5599454716333808,0.8612519066116456,1.621,4902.119,6571.519,20413.946,27.257,0
506,1031.0668685281064,13.773791913214989,0.7319530348841322,0.33349863024045356,0.5774934027679048,0.8602466926564252,1.592,5651.662,7249.086,18032.707,24.758,0
507,929.6507334812623,12.859190088757396,0.7437959016712922,0.34673083618538514,0.5888385484879409,0.8688855109685618,1.546,6772.74,8221.587,15221.388,21.883,0
508,803.1999738042406,11.813124075443785,0.7528718712109077,0.345531675476471,0.5878194242082095,0.8730345345900296,1.422,7714.525,9010.895,12407.021,20.018,0
509,598.0578926282051,10.272158530571993,0.765944418136168,0.35679084348322604,0.597319716302104,0.8943868596967814,1.301,8967.303,10179.458,9724.54,17.643,0
510,487.3818340113413,9.278699765779097,0.7788296608379947,0.3772373496121499,0.614196507326564,0.8975849793529842,1.197,10125.533,10972.695,8502.215,16.407,0
