,contrast,dissimilarity,homogeneity,ASM,energy,correlation,SRE,LRE,GLU,RLU,RPC,class
0,1288.8674956854043,12.202770586785011,0.7991505172473236,0.36172449097328147,0.6014353589316822,0.7181178235764074,1.63,5629.021,7530.316,16462.36,23.716,0
1,1266.846531373274,11.826299001479287,0.8075384587867873,0.36593146946506355,0.6049226970986157,0.7155350742925775,1.611,5870.977,7759.47,15719.644,23.033,0
2,1029.6594243096647,10.2466407790927,0.830053568207698,0.44328085788855476,0.6657934048100468,0.6813102443302556,1.743,7440.006,8320.351,16857.419,21.516,0
3,983.1649485330373,9.845899593195265,0.8357052150903033,0.4533935968474517,0.673345080064785,0.685854230823728,1.717,7771.06,8569.443,16014.342,20.925,0
4,919.6375816691321,9.422576121794872,0.8394223675189441,0.4636950871454779,0.6809516041140353,0.6943437072283933,1.71,8207.277,8896.347,15309.346,20.185,0
5,906.5655048076924,9.229366987179489,0.8449064202044889,0.4663105016032049,0.6828693151718013,0.6989600096872467,1.734,8474.619,9058.297,15347.006,19.78,0
6,845.2186806582839,8.839258197731755,0.8487498316508195,0.4649494476586674,0.681872017066742,0.7127953156431583,1.713,8882.052,9296.853,14709.57,19.277,0
7,814.4080759985208,8.877426960059172,0.8429778032999699,0.47105676625705617,0.686335753299401,0.707687116039872,1.677,8783.823,9083.88,14672.203,19.73,0
8,801.015054857002,8.766010231755423,0.843175245572386,0.47897606235394913,0.6920809651723916,0.6988406251930037,1.646,8989.714,9154.552,14100.187,19.557,0
9,751.0017566568048,8.53769107495069,0.8448385413144958,0.4888109907966614,0.6991501918734353,0.7009880944321124,1.623,9434.989,9370.091,13587.445,19.127,0
10,714.9689888436882,8.209265594181456,0.8504974425584556,0.5023108795495944,0.708738936103834,0.6958473984097425,1.597,10259.785,9892.245,12640.588,18.118,0
11,1106.9477471646942,11.911720290927022,0.7883177243233381,0.3801397478667799,0.6165547403651843,0.7747102270174724,1.691,5145.375,6621.892,20842.857,26.993,0
12,1066.7238427638067,11.832863350591717,0.7862009593816883,0.3742596940552131,0.6117676798059972,0.7684000695384294,1.686,5154.108,6683.587,20486.054,26.747,0
13,953.143753081854,11.125477687376726,0.7915540777601208,0.38025159880225173,0.6166454401049697,0.7215559968588898,1.597,5453.296,7131.503,17717.071,25.123,0
14,950.9327462401382,10.80443324704142,0.799657816658811,0.38714836335968633,0.6222124744487901,0.7079736974123038,1.608,5588.735,7276.286,17412.2,24.585,0
15,987.8482803254439,10.57726208086785,0.8111547842413205,0.3971412601437333,0.6301914472156325,0.6970326152673398,1.667,5831.44,7520.806,17655.636,23.736,0
16,979.5059248643985,10.718187561637082,0.8044784858040206,0.3989630146580972,0.6316351911175446,0.6882100761791471,1.624,5714.212,7354.046,17273.251,24.268,0
17,959.4475391395462,10.539147250986192,0.8075271313204284,0.40472019234097023,0.6361762274252082,0.6860061845111048,1.616,5916.201,7526.86,16627.752,23.727,0
18,952.0742495685404,10.22925141765286,0.8152950863996583,0.4132439526478003,0.6428405343845395,0.6808313931961741,1.616,6243.865,7773.152,16126.697,22.986,0
19,914.6984251725837,9.953202046351086,0.819683608041039,0.4175704451200803,0.6461969089372683,0.6824400027693991,1.595,6485.013,7935.973,15625.295,22.554,0
20,902.3879437869826,9.924186390532551,0.8197023918187032,0.418803270963847,0.6471501147058903,0.6756714579827598,1.589,6661.404,8041.707,15363.415,22.246,0
21,852.8875354413217,9.48154739891519,0.8223405734879362,0.4292371900425867,0.6551619571087646,0.6770762111192229,1.536,7111.608,8430.463,13693.57,21.213,0
22,784.8600067800787,8.799509985207102,0.833836230792355,0.4386579598147223,0.6623125846718619,0.6898147260717276,1.532,7676.389,8886.07,12903.17,20.124,0
23,749.8032698471401,8.497765655818542,0.8388945641108598,0.4409915914767367,0.6640719776324978,0.6880341233592774,1.522,8039.354,9142.074,12422.093,19.555,0
24,717.9322223249508,8.409986748027611,0.8383594911310295,0.4543640727557626,0.6740653327057865,0.6866170465041765,1.498,8386.466,9313.323,11924.634,19.207,0
25,666.2465560281066,8.100584011341223,0.8423590268141996,0.4673656404128082,0.6836414560373063,0.7008534570526305,1.457,8786.584,9552.918,11271.22,18.727,0
26,612.9772405078895,7.8822269477317555,0.8431562760984707,0.47733193156481296,0.6908921272997782,0.7100598158660596,1.449,9030.765,9588.595,11366.164,18.672,0
27,577.7322022928993,7.815628081854042,0.8401593612083249,0.4908003252725125,0.7005714276735189,0.7094228712707934,1.398,9408.596,9677.782,10926.865,18.507,0
28,533.7639376849113,7.543508074457595,0.8429464789078883,0.5120517811043707,0.715577935031797,0.7148713289133171,1.342,10043.055,10026.442,10243.769,17.884,0
29,1343.4917560404335,14.31273113905325,0.7534248020029982,0.3663444657429236,0.6052639636909863,0.7507821282192222,1.762,3917.823,5721.438,25917.835,31.217,0
30,1222.3376094058185,13.946660811143985,0.7488923700860924,0.3510638208212941,0.5925063888442842,0.7668584333108137,1.718,3731.888,5587.951,25712.174,31.953,0
31,1224.266595784024,14.059094551282053,0.7438937345502448,0.3384795913354072,0.5817899890298966,0.7678183994945399,1.708,3661.811,5474.944,25997.047,32.611,0
32,948.7073471400395,11.71252465483235,0.7715435226759959,0.35552533073599385,0.5962594491796284,0.7125982267072374,1.604,4147.947,6177.038,20326.178,28.852,0
33,925.2761341222881,11.295611439842213,0.7799284933232135,0.36181321156773966,0.601509111791118,0.7124144458226933,1.58,4448.15,6485.896,18834.388,27.49,0
34,937.2859729413215,11.17531897189349,0.785670307457155,0.3658084972154193,0.6048210456121871,0.7047275460039863,1.59,4645.397,6688.069,18243.302,26.656,0
35,911.1592933308681,10.81210706360947,0.7928955303211489,0.37355570221816936,0.6111920338307506,0.6942166042360596,1.601,4961.056,6944.769,17720.475,25.692,0
36,844.6278507149899,10.066429363905323,0.8071034984895192,0.382905924577469,0.6187939273922046,0.6918210719565315,1.554,5698.107,7719.275,15105.68,23.136,0
37,817.2743158284025,9.964836045364894,0.806488691615434,0.38211152502071616,0.6181517006534206,0.6942282471221487,1.526,5870.573,7791.278,14634.122,22.94,0
38,783.4739583333335,9.764453895463513,0.806968187630372,0.38461240332252467,0.6201712693462385,0.7026246102828743,1.475,6005.169,7864.083,13847.712,22.732,0
39,1010.6535148545365,13.091554178994082,0.747141451834775,0.3123990161857568,0.558926664407556,0.8262879066908753,1.809,5079.127,7085.665,21512.117,25.173,0
40,1021.3473942924063,12.977063301282053,0.752410211076744,0.31408770023006993,0.5604352774674967,0.8212087327679428,1.814,5221.56,7203.431,21174.55,24.749,0
41,1058.6695559048321,13.153668947238657,0.7508322482425461,0.31687186546389945,0.5629137282602898,0.8111606180287618,1.817,5233.673,7147.79,21370.087,24.962,0
42,1039.561621671598,13.029108111439847,0.7530297416597141,0.3229756457294506,0.5683094629948111,0.8032645991183708,1.799,5152.781,7004.287,21544.797,25.478,0
43,1008.2527274408284,12.80767689842209,0.7555708585444432,0.3276716507462164,0.5724261094204355,0.7994054154320062,1.797,5288.784,7026.015,21516.161,25.423,0
44,1032.5442862426037,12.278692061143987,0.7715267322473339,0.33385776696835623,0.5778042635429027,0.7837646641788684,1.739,5609.519,7228.651,19858.698,24.736,0
45,1023.2663877588757,12.326067862426035,0.7660136137239837,0.3388778364087143,0.5821321468607573,0.7945550995975535,1.69,5693.283,7180.905,19278.787,24.901,0
46,962.8998397435896,12.033838757396447,0.7695314850217789,0.34919351627080686,0.5909259820576575,0.7975791247384753,1.687,5878.095,7281.303,19002.943,24.556,0
47,896.0903368466469,11.67420950443787,0.7726610448214054,0.35760907048419877,0.5980042395202552,0.8019209380547149,1.643,6141.636,7408.903,18218.795,24.144,0
48,1385.2442754561143,13.508436575443785,0.7744478881961835,0.35242325431085536,0.5936524693041,0.741226942114523,1.707,5298.389,7128.732,18793.538,25.028,0
49,1376.489282852564,13.359336476824458,0.7780810013044995,0.35164325353001075,0.5929951547272632,0.7423277820915983,1.697,5243.474,7071.14,18937.122,25.241,0
50,1407.2643768491125,13.725021572978303,0.7715789464445388,0.3505243451702092,0.5920509650107912,0.7341136043267317,1.67,5003.249,6801.08,19297.103,26.251,0
51,1453.9108034393491,13.954088079388562,0.7730692145444542,0.35420772410661006,0.5951535298615056,0.7242058870310251,1.708,4905.568,6691.624,20190.193,26.646,0
52,1461.87429117357,14.149377465483237,0.7670732859058039,0.354743092586801,0.5956031334595219,0.7234128309785681,1.689,4842.735,6580.868,20265.889,27.111,0
53,1448.1959057569034,14.036342763806708,0.7700211338844793,0.3574932067550423,0.597907356331265,0.7244907675128742,1.695,4858.591,6590.39,20368.443,27.067,0
54,1412.4490877712033,13.759245562130179,0.772521384671326,0.3594911413698545,0.599575801187685,0.7310479925517913,1.709,4954.522,6677.278,20216.447,26.712,0
55,1382.7008752465485,13.334874260355033,0.7810442323740711,0.37157950433899284,0.6095732149126902,0.7278876692587309,1.668,5205.139,6968.045,18543.591,25.622,0
56,1350.9162660256407,12.890933185404336,0.7915829579005818,0.3809229007826002,0.6171895177193146,0.7269134219462263,1.696,5599.938,7348.775,17988.798,24.304,0
57,1295.183439657298,12.452655017258383,0.7963503701117953,0.3837557102071573,0.6194801935551751,0.728680789865207,1.68,5811.326,7503.508,17343.564,23.817,0
58,1264.4276919995068,12.524970722386588,0.7903267779497183,0.3856610729858826,0.6210161616140779,0.7344007247249277,1.677,5641.849,7194.678,18202.98,24.829,0
59,1207.4125523915186,12.130100468441814,0.7957863582934788,0.39424453588936664,0.6278889518771346,0.7452581370567611,1.689,5795.756,7270.189,18172.802,24.547,0
60,1182.1523899778103,12.102294440335303,0.795727257454521,0.4032204842519119,0.6349964442828888,0.7505964226434929,1.702,5828.565,7175.25,18820.784,24.865,0
61,1085.8139022435894,11.207547460552265,0.811359853933997,0.4317436946997131,0.6570720620295106,0.7632774776287827,1.731,6428.957,7528.804,18474.954,23.691,0
62,1019.031804733728,10.637080867850099,0.8210529695280149,0.453063323198934,0.6730997869550502,0.7766528865916508,1.741,6955.829,7898.985,17748.658,22.583,0
63,1399.3100268121302,13.993720722386591,0.7717256381588624,0.398540468933733,0.6313006169280472,0.7715126616320593,1.927,5639.122,6860.576,24386.255,25.968,0
64,1358.9541497164698,13.736432137573967,0.7739246561272046,0.38136755580960047,0.6175496383365474,0.7700486224238257,1.907,5618.582,6838.722,24002.253,26.039,0
65,1307.7697392751484,13.649146326429983,0.769576385410397,0.3760389608166489,0.6132201568903691,0.7733874345748634,1.844,5572.467,6876.192,22654.424,25.918,0
66,1302.7873751849113,13.555820081360949,0.7689628575102482,0.3721003217219173,0.6100002637064326,0.771483700017599,1.806,5585.859,6969.657,21616.277,25.583,0
67,1281.778753698225,13.37139423076923,0.7708120815325052,0.3711676074862418,0.6092352644801856,0.7608851964297226,1.755,5559.23,6984.12,20633.368,25.559,0
68,1261.9307892628208,13.082277798323474,0.7763251938463805,0.3741476251298325,0.6116760785986587,0.7429151716662612,1.741,5658.117,7160.123,19602.987,24.904,0
69,1261.4110808062132,12.986601639546352,0.7766396009827439,0.3772975405008579,0.614245505071757,0.7162273937159734,1.724,5444.412,6930.838,19960.348,25.715,0
70,1232.5588557075935,12.508945081360945,0.784710056919398,0.37926736708363973,0.615846869833435,0.7123927880035626,1.711,5619.584,7096.875,19194.467,25.122,0
71,1217.6848419008875,12.275956915680474,0.7905100964302735,0.3878018494769525,0.6227373840367644,0.7039072353325693,1.702,5618.037,7010.196,19295.469,25.436,0
72,1185.4257966592704,12.000238843688365,0.7963946133158226,0.3927663460043624,0.6267107355106999,0.7164030976532405,1.716,5944.448,7295.75,18718.773,24.452,0
73,1126.1027413091715,11.68029616617357,0.798367078014653,0.4000447788448294,0.6324909318281404,0.7204063293320127,1.67,6099.234,7379.901,17795.354,24.201,0
74,1055.226770525148,11.002272867357004,0.8099121147859392,0.4116399414849158,0.6415917249192946,0.7275379160533731,1.664,6704.416,7910.714,16493.694,22.597,0
75,961.5639869945761,10.2589913091716,0.8199790640589699,0.4160130911214483,0.6449907682451341,0.746157680046512,1.642,7379.321,8510.059,14903.839,21.009,0
76,906.8245500493097,10.102964743589745,0.8151059594323562,0.41482164468645016,0.6440664908892949,0.7570505535495047,1.581,7412.451,8385.841,14494.765,21.336,0
77,841.7379576553255,9.553955559664697,0.8232599246493035,0.42606723609497726,0.6527382600207967,0.7606115182607203,1.577,7657.042,8476.723,14433.618,21.112,0
78,788.1495777859961,9.390116494082843,0.8206556146502214,0.43528942150464145,0.6597646713068542,0.7613610663734216,1.538,7701.513,8356.628,14290.161,21.412,0
79,719.5429841592703,8.853712093195268,0.8287164639446418,0.4495295120231009,0.6704696205072239,0.7610262916706315,1.5,8478.051,8885.635,13025.633,20.139,0
80,652.4636033037477,8.396603796844182,0.8331181265366745,0.467318866877947,0.6836072460689303,0.7704388987365296,1.491,8821.861,9004.455,12898.053,19.883,0
81,582.8428793762328,7.904901688856017,0.8392087037027761,0.48538807140960427,0.6966979771820816,0.7695225691256762,1.448,9558.842,9427.383,11936.072,19.0,0
82,1192.7444141395465,12.055142073471401,0.7971024974481052,0.3829166261694277,0.618802574468972,0.7334271903289663,1.676,5837.013,7353.879,18033.735,24.375,0
83,1158.6310943663711,11.628521018244577,0.804797848410104,0.38807087325902906,0.6229533475783151,0.7325693117116167,1.681,6012.59,7583.37,17363.523,23.579,0
84,1135.3800850591715,11.450289694280073,0.8071543722560043,0.3903743013647354,0.6247994089023575,0.741659815791259,1.646,6046.164,7641.864,16759.197,23.413,0
85,1095.9309125369823,11.269284701676527,0.8067670740875861,0.39553290170792327,0.6289140654397255,0.7449174678365662,1.615,6162.751,7697.441,16186.612,23.244,0
86,811.6683154585797,9.614475468441812,0.8208988988840734,0.43051730381744446,0.6561381743333065,0.7941471164235555,1.495,7514.804,8553.002,13373.029,20.924,0
87,739.3108435034517,9.255971092209073,0.8227018920336667,0.43732742577082473,0.6613073610438831,0.8085360250131455,1.453,7846.75,8708.186,12825.466,20.556,0
88,936.4563224235703,10.029870870315584,0.8228517537479665,0.3999633807835546,0.6324265813385413,0.695161768561865,1.659,6301.571,7896.463,16532.732,22.59,0
89,871.5362348989152,9.625747349605524,0.824960781473383,0.4054613659787928,0.6367584832405397,0.7069712414334738,1.639,6354.325,7921.957,16266.384,22.52,0
90,867.7592378574951,9.559795673076923,0.8274427730618559,0.4084711408625686,0.6391174703155662,0.7047125831595826,1.638,6634.164,8115.088,15707.109,21.956,0
91,792.5504653599608,9.054810774161737,0.8337181059097208,0.4245810892666447,0.6515988714436549,0.7247504193853974,1.626,7045.959,8364.541,15212.849,21.317,0
92,771.8251047830377,9.416019477317557,0.8209583006672971,0.42143180115271567,0.6491777885546576,0.7164939367481779,1.593,6727.026,7905.563,15942.761,22.585,0
93,724.6115245931952,8.811305781558184,0.8343953374379608,0.434721640852974,0.6593342406192583,0.735776246489952,1.583,7683.12,8640.609,14476.48,20.662,0
94,655.459720167653,8.563208826429982,0.8328192682545631,0.44395867001903744,0.6663022362404597,0.746080054356025,1.517,7949.681,8734.157,13623.187,20.445,0
95,1485.5071267874755,14.001995500493098,0.7797014778889882,0.3841570770966037,0.6198040634721619,0.7244403729230477,1.871,4939.218,6197.25,25962.402,28.865,0
96,1359.0338618713017,13.228958641518735,0.7857484318698124,0.37964276127457425,0.616151573295544,0.7473602281616388,1.838,5202.794,6534.834,23742.261,27.363,0
97,1310.9479243713017,13.32919594428008,0.7757386419643976,0.3685336275199655,0.6070697056516372,0.7332404897960815,1.767,4930.657,6357.753,23013.473,28.102,0
98,1249.9469458826431,12.931259245562133,0.7795277876727008,0.3641603475035337,0.6034569972280823,0.7226914706028262,1.747,4849.375,6345.069,22767.309,28.167,0
99,1182.0033284023668,12.420734714003945,0.7845110226918577,0.36655030262922456,0.6054339787534431,0.7250029234235693,1.723,5070.438,6608.487,21348.674,27.097,0
100,1166.1784547583827,12.307738535502958,0.7864395885795205,0.3697884586503512,0.6081023422503413,0.7051869692266026,1.71,5095.361,6675.382,20923.092,26.82,0
101,1172.3404370069034,12.329927884615387,0.7850403779580978,0.37246515588299683,0.6102992347062192,0.6823613952140262,1.725,4953.473,6474.552,21871.647,27.624,0
102,1142.0561976084814,11.957362549309664,0.7929969411549899,0.37738631219064256,0.6143177615783566,0.6801728747573963,1.729,5167.144,6683.414,21166.067,26.723,0
103,1159.903537968442,11.895032051282053,0.7974687283644557,0.3844404756354811,0.6200326407823068,0.6777775650576731,1.713,5441.536,6923.244,20017.048,25.814,0
104,1131.671019785503,11.556544317061142,0.8047664940776745,0.3942225400783115,0.6278714359471304,0.6816667476418881,1.713,5726.689,7153.615,19357.68,25.006,0
105,1105.0336846646942,11.414786735700197,0.8058026884178975,0.4013385479162945,0.6335128632603244,0.6740565846208428,1.711,5872.634,7213.14,19283.26,24.821,0
106,1071.0682091346155,11.122865816074953,0.8097343174168966,0.40981772700130703,0.640170076621289,0.6705948037124269,1.676,6238.883,7538.084,17750.631,23.745,0
107,1005.0584011341224,10.920642258382644,0.8052810064708028,0.41294300974263376,0.6426064190020465,0.6752842529198659,1.599,6413.261,7639.67,16365.447,23.443,0
108,946.0459658530573,10.361825073964498,0.8146663867524382,0.4184127869857619,0.6468483492950738,0.6901651341934838,1.594,6982.816,8126.424,15156.41,22.039,0
109,877.5640332223866,9.89479320759369,0.8188994242228099,0.4267854310675884,0.6532881684735982,0.7009933348017119,1.549,7377.771,8400.895,14114.91,21.323,0
110,804.8849466839251,9.708741678994084,0.8164366003719591,0.43353333991189463,0.6584324869809316,0.7085601210146133,1.51,7431.063,8290.878,14039.709,21.601,0
111,743.0755901750492,9.30162875986193,0.8221565704148371,0.4455951865433794,0.6675291653129317,0.7148078800003874,1.484,7817.127,8504.854,13505.681,21.052,0
112,694.3082162228798,8.945482001972387,0.8251115764393737,0.4570653541792028,0.6760660871388261,0.7186717779382292,1.448,8134.605,8631.989,13066.832,20.743,0
113,627.6700104783039,8.607849482248522,0.825568408275778,0.47297313742972685,0.6877304249702254,0.7235116403016618,1.394,8550.13,8831.481,12305.893,20.291,0
114,1048.7254299186388,11.132804795364887,0.8004189229140423,0.40734826808862495,0.6382384100699557,0.7131539286378934,1.606,6332.929,7426.283,17044.058,24.131,0
115,1004.594027366864,10.921751725838265,0.8000628325559845,0.41044631217533684,0.6406608402074664,0.6946816640046165,1.597,6485.62,7613.684,16265.39,23.536,0
116,1042.4636572361933,11.043492665187376,0.8029131706667482,0.4100562644367762,0.6403563573798391,0.6762995543362208,1.637,6504.086,7623.937,16744.843,23.485,0
117,1034.5538168762328,10.774585490631164,0.809164442558524,0.41248356515619444,0.642248834297264,0.6773058805143313,1.629,6660.006,7799.499,16159.808,22.922,0
118,1014.5760293392507,10.585706360946748,0.8094991266856799,0.4143416914627437,0.6436937870313366,0.6747110161128965,1.591,6763.727,7886.979,15408.107,22.66,0
119,1012.4975422214004,10.626225036982248,0.808225231629377,0.41423638907681276,0.6436119864303436,0.6677238116289864,1.566,6686.63,7731.804,15517.273,23.116,0
120,1014.8761017628206,10.424933740138066,0.8141373521079507,0.419630996160173,0.6477893146387743,0.6664426614579224,1.582,6983.134,7979.116,15123.28,22.41,0
121,977.8217224482249,9.936906743096646,0.8245459363466209,0.428506884846784,0.6546043727678452,0.6669281346068116,1.566,7549.337,8473.16,13996.968,21.134,0
122,930.9407513560158,9.545935034516765,0.8319439476168721,0.4382503481428701,0.6620047946524784,0.6619176849227032,1.544,8162.113,8949.928,12998.922,20.014,0
123,877.3500061637081,8.95201553254438,0.8427801336551308,0.44712728141949504,0.6686757670347379,0.664098527561046,1.536,9069.004,9687.772,11796.15,18.485,0
124,812.7128482495068,8.457763190335305,0.8471371965812521,0.4496853666384679,0.6705858383819837,0.6709489493355687,1.538,9537.403,10004.656,11439.516,17.904,0
125,764.9314749753449,8.215960922090728,0.8474626583281617,0.45535411745452087,0.674799316430093,0.6829766620541214,1.499,9615.49,10022.885,11059.818,17.862,0
126,708.4924879807693,8.015648113905327,0.8473669308958236,0.46472759692852905,0.6817093199660168,0.6858738291535343,1.474,9835.796,10039.866,10912.445,17.862,0
127,621.7588526257397,7.410526072485208,0.8549629070697906,0.4789436316023539,0.6920575348931286,0.6988042225872605,1.446,10831.535,10750.686,9886.825,16.688,0
128,553.2955035749507,6.9340329142011825,0.8617266289373763,0.49452232047055483,0.7032228099760095,0.7203743464863949,1.358,11898.414,11499.228,8642.471,15.611,0
129,484.54082686143977,6.469528168145957,0.8670477704500859,0.5155459997906238,0.7180153200250143,0.7306432826240986,1.285,13301.701,12413.841,7431.191,14.482,0
130,418.125785872781,6.015979413214989,0.8733377903614269,0.5383142405400059,0.7336990122250444,0.7425747893185092,1.236,14527.76,13094.076,6832.629,13.738,0
131,1339.3718565088757,13.769169132149903,0.7638224700125189,0.36995830068195035,0.6082419754357228,0.7620666970042481,1.832,5887.378,7176.926,21473.416,24.921,0
132,1295.2412937623276,13.438686513806708,0.7671310754668695,0.37343791873384696,0.6110956706881885,0.7594077289379675,1.78,6015.706,7355.465,19862.868,24.322,0
133,1380.4806305473373,13.705020340236684,0.7724126984276549,0.37224364636961843,0.6101177315646698,0.7255029262449711,1.816,5713.771,7027.269,21554.628,25.456,0
134,1381.3427175788954,13.668870192307692,0.7732019787901837,0.3697085670182191,0.608036649403816,0.7188715773635466,1.827,5648.977,6990.442,21664.187,25.538,0
135,1397.2643845537473,13.55736100838264,0.7764744524408362,0.36923722911515183,0.6076489357475678,0.7183454129049291,1.81,5745.103,7066.226,21172.48,25.3,0
136,1422.3147882766273,13.720714681952664,0.7740115848312116,0.3704132514766832,0.6086158488543354,0.7106555418662244,1.775,5571.951,6866.751,21227.666,26.057,0
137,1443.1832008136098,13.648160133136097,0.7806260043673916,0.3774237341676542,0.614348218983057,0.702532144569837,1.781,5660.747,6950.714,20946.778,25.712,0
138,1439.0945743959567,13.57184572238659,0.7820427662227152,0.3848507212914696,0.6203633784254754,0.7010977160509281,1.773,5724.01,6953.399,20874.301,25.718,0
139,1431.0452878451679,13.434002095660752,0.7860608187981576,0.39028707583913214,0.6247296021793206,0.7032558555176539,1.764,5897.92,7116.457,20161.462,25.132,0
140,1391.6009307199215,13.135509122287973,0.7899611775385333,0.3914312346546858,0.6256446552594258,0.7167498717677941,1.754,6201.799,7361.691,19314.155,24.29,0
141,1343.1733080621304,13.076198841222883,0.7845239360198235,0.3915894219802332,0.6257710619549559,0.7274136568155959,1.732,6254.14,7379.469,18840.779,24.24,0
142,1261.743897928994,12.733419625246547,0.7855909319816431,0.38959921829763056,0.6241788351887867,0.7433134794077623,1.718,6467.66,7497.492,18329.513,23.861,0
143,1155.8261680226824,12.024670241617356,0.7941997471036265,0.39454463680498514,0.6281278825247174,0.7556684445503826,1.723,6767.541,7699.038,17991.499,23.227,0
144,1093.8219150641025,11.81442615877712,0.7931962154234509,0.4023287916389939,0.6342939315798267,0.7545438468670665,1.685,6879.432,7677.06,17666.409,23.312,0
145,1062.6064010108478,11.703017135108478,0.7954307560784782,0.4115973950087202,0.6415585670916727,0.7476883761399775,1.677,6820.666,7494.817,18212.39,23.857,0
146,994.3595367973371,11.246725530078894,0.8009856365939712,0.42398536740332765,0.6511415878311934,0.7513764452645451,1.603,7110.126,7566.968,17208.229,23.62,0
147,916.8442585059172,10.913631040433925,0.8021106976031108,0.4367670190444742,0.6608835139754011,0.7576226998044268,1.588,7306.864,7568.776,17196.054,23.625,0
148,1357.2454311513807,15.550426836785011,0.7201225134998038,0.30781365594755233,0.5548095672819209,0.7851455780846665,1.755,3224.175,5114.098,29024.186,34.95,0
149,1359.0278984837278,15.775849050788953,0.7151409824544692,0.30010816410563435,0.5478212884742928,0.7701901806331793,1.738,3110.039,4995.197,29352.938,35.799,0
150,1293.3498982988165,15.671058308678504,0.7092528490021934,0.29965858438250953,0.5474108003889854,0.7541238771163595,1.725,3168.548,5016.699,28788.907,35.622,0
151,1137.6395463510848,13.564349112426036,0.74525555367516,0.32171827515538154,0.5672021466420781,0.675118143996236,1.671,3773.009,5763.394,23231.45,30.993,0
152,1138.437553932446,13.468264607988171,0.7480423757122718,0.32274257397282435,0.5681043689084113,0.6663015685218467,1.683,3851.898,5836.99,23212.47,30.586,0
153,1094.0861378205127,13.18999630177515,0.7501961501398121,0.3253258673970715,0.5703734455574448,0.6675131083136718,1.666,3944.954,5916.857,22465.946,30.18,0
154,1093.8509153106506,13.317970290927018,0.7473009539652641,0.32441792563913774,0.5695769707766789,0.6586015268598941,1.649,3836.197,5749.955,22983.833,31.067,0
155,1085.1770294008877,13.14225067800789,0.7530539299084636,0.32937952121934544,0.5739159530970936,0.6478083332034051,1.662,3898.717,5834.814,22737.193,30.575,0
156,1067.238512389053,12.927661180966467,0.7559159835611882,0.3327860078639905,0.5768760766958451,0.6477517025608004,1.658,3982.958,5898.576,22435.058,30.28,0
157,1049.1803732125245,12.877319095167651,0.7546428110644428,0.3401604327887128,0.5832327432412491,0.6479421840664661,1.628,4053.396,5963.105,21536.515,29.942,0
158,1013.6332516642011,12.49076214250493,0.7626025943292541,0.3500101586339896,0.5916165638604024,0.6515726346758061,1.645,4296.111,6211.503,20862.198,28.764,0
159,965.8906712278108,11.90124198717949,0.7740238618121367,0.3646310267770035,0.603846857056492,0.6544469642759997,1.613,4698.716,6639.475,18794.778,26.91,0
160,926.8727271326431,11.420172275641027,0.7847783300223877,0.3716983654553695,0.6096707024741876,0.661790685672054,1.594,5087.782,6984.297,17620.202,25.603,0
161,893.5155710675544,11.342663646449706,0.7818737335217358,0.37024958214790776,0.6084813737066302,0.6731256934233203,1.572,5230.938,7022.994,17372.312,25.51,0
162,853.3569249260356,11.127542529585803,0.7811722680127976,0.36453093457844093,0.6037639725740854,0.6806614801920036,1.533,5299.093,7002.068,16938.329,25.571,0
163,821.8964882273176,11.034724790433927,0.7812603714250146,0.3743182042668023,0.6118154985506679,0.6854757349247391,1.506,5407.902,7006.899,16598.173,25.543,0
164,796.7011757273176,10.886842024161735,0.7831193213853249,0.3818248869594591,0.6179198062527687,0.691346221107924,1.501,5627.669,7100.998,16472.122,25.215,0
165,725.3346970537476,10.535865076429978,0.7857100938135066,0.39523430322939346,0.6286766285057792,0.7100138484301665,1.482,5889.478,7215.312,16212.048,24.829,0
166,1239.884160811144,12.23763406065089,0.794146203463198,0.37040475080517204,0.608608865204223,0.731798604717818,1.706,6097.688,7618.644,17550.137,23.452,0
167,1253.599227995562,12.221038276627219,0.7976818089477138,0.37263275347482094,0.6104365269827986,0.7249527903569589,1.727,6202.781,7690.287,17765.104,23.248,0
168,1303.0528152736688,12.130863227317555,0.8064255476516118,0.39080053846305246,0.6251404149973447,0.6903388853229278,1.711,6404.857,7786.02,17309.236,22.998,0
169,1274.0748274161733,11.926898422090726,0.8087899706595927,0.3980681944784038,0.6309264572661412,0.6968182393390359,1.709,6535.532,7850.201,17275.978,22.849,0
170,1239.8981216099605,11.704689040927022,0.8119277780408527,0.4034291962632051,0.6351607641087452,0.7044827466878785,1.69,6760.699,8082.518,16404.933,22.176,0
171,1196.4797753328403,11.508390347633137,0.8100717903885802,0.402781495003621,0.6346506873892291,0.7100703864036513,1.642,6819.076,8073.637,15702.943,22.186,0
172,1122.4302961661735,11.209496733234715,0.8083080354430024,0.401337445426653,0.6335119931198249,0.7212573617299247,1.63,6738.718,7886.006,16003.243,22.716,0
173,1046.6393152120318,10.742341592702168,0.8143786852419551,0.4059945809460363,0.637177040504471,0.7356350634206286,1.628,7120.189,8194.943,15393.437,21.871,0
174,979.5101778229786,10.492780756903354,0.8127340557250653,0.4153396512773021,0.6444685029365688,0.741627213740591,1.592,7200.89,8159.379,14998.188,21.941,0
175,910.3886680226824,10.120700813609469,0.8177987548229284,0.4220561105546288,0.649658456848388,0.7515957402832917,1.574,7707.919,8493.256,14168.8,21.09,0
176,868.2469720784026,9.850661057692308,0.8203555658720539,0.43106761849697467,0.6565573992401386,0.7587227074979159,1.56,7965.721,8576.187,14087.457,20.891,0
177,801.1647867357003,9.477718195266274,0.8222597821433456,0.4427675772147525,0.6654078277378112,0.7696240505472255,1.488,8375.854,8821.98,12937.969,20.333,0
178,693.9724636341224,8.892181336291916,0.8277495000443198,0.46088058403532806,0.6788818630920465,0.7915498556870942,1.44,9065.855,9233.375,11941.154,19.436,0
179,1181.0041065705127,11.618427946252464,0.8077301055300605,0.35702834748862483,0.5975184913361468,0.6470055311815102,1.757,5336.698,7170.131,19890.615,24.926,0
180,1191.1716823841223,11.763475406804734,0.8042622292675986,0.35599449769612185,0.5966527446481092,0.6438646529076661,1.715,5310.571,7139.28,19257.003,25.032,0
181,1033.7591993343194,11.064765162721892,0.8043751838226978,0.36470374125202654,0.6039070634228636,0.6752897305763967,1.682,5667.258,7229.749,18621.516,24.742,0
182,962.6710351947735,10.835621609960555,0.804306209605093,0.37249312488320296,0.610322148445559,0.6906821396707294,1.666,5903.187,7347.132,18093.587,24.345,0
183,881.6184741740633,10.315943971893493,0.813588998911004,0.3839954777444422,0.6196736865031807,0.7093118688029438,1.68,6379.443,7707.187,17510.458,23.198,0
184,840.9779339250493,10.308555226824458,0.8072394859720115,0.38605930488837853,0.6213367081449305,0.7130123367350691,1.619,6350.712,7525.664,17233.642,23.796,0
185,1153.6300542406311,11.894600591715976,0.7923529074698138,0.37031568380725155,0.6085356881952377,0.7401907156953557,1.725,5725.196,7273.571,18908.76,24.514,0
186,1204.4447423570018,12.07867973372781,0.7913527447111216,0.37130319986610183,0.6093465351227508,0.7233377182948613,1.69,5528.223,7089.245,18786.643,25.14,0
187,1239.1454789201186,11.983712401380672,0.7977225744680144,0.37642132879252876,0.6135318482300074,0.7101879812938499,1.7,5604.592,7193.449,18565.988,24.768,0
188,1249.5974944526629,12.085197855029584,0.7946517077519138,0.3770758465145019,0.6140650181491386,0.7009141083874643,1.698,5465.289,6996.977,19232.687,25.494,0
189,1236.4226146449705,12.122750246548325,0.7928614178007872,0.3786020397913176,0.6153064600597963,0.700967550843473,1.678,5579.975,7096.776,18535.511,25.16,0
190,1217.1714743589744,11.899531558185403,0.7995881351722064,0.3840988660813217,0.61975710248558,0.6918689198179641,1.679,5827.481,7301.731,18051.601,24.475,0
191,1137.3800773545365,11.124853611932942,0.8113152298400722,0.39224136491622863,0.6262917570240156,0.6998481300539224,1.68,6295.983,7744.939,16863.913,23.064,0
192,1083.6639392258382,10.676297460552268,0.8175870242393122,0.3972526225126048,0.6302797970049531,0.7058979443201917,1.666,6741.068,8078.31,16017.216,22.139,0
193,1013.421805658284,10.150433000493097,0.8257901829093187,0.40754782318810595,0.6383947236530906,0.7225718653124115,1.673,7048.189,8293.928,15719.679,21.55,0
194,967.6295303254439,9.91041050295858,0.8275691998231374,0.41623683087238633,0.6451641890808776,0.7273366431122132,1.674,7107.343,8230.543,16024.251,21.715,0
195,916.9779339250493,9.576060157790927,0.8324543158443174,0.4249657168713983,0.6518939460306394,0.7332864599229312,1.657,7555.309,8528.328,15210.915,20.976,0
196,878.8894538954635,9.361039201183432,0.8344791999406518,0.4362670575704396,0.6605051533261793,0.7457077106719441,1.633,7938.46,8776.435,14461.394,20.362,0
197,1655.5664755917164,15.09106878698225,0.770670043401699,0.40175674698360786,0.6338428409184786,0.747424697706408,1.993,5549.496,6770.807,26268.485,26.376,0
198,1637.902713572485,15.06868682199211,0.7671144304490929,0.39376521241593515,0.6275071413266428,0.7545548911186545,1.97,5415.19,6597.898,26323.294,27.018,0
199,1621.8847386587775,14.936267258382646,0.7689465849345922,0.3834975007962835,0.6192717503618936,0.761317439191603,1.925,5462.72,6635.592,25129.856,26.864,0
200,1630.8904554980277,15.327739768244573,0.7574456118066566,0.37561308637197793,0.6128728141890273,0.761093031705076,1.902,5285.245,6492.599,25066.818,27.444,0
201,1559.085506040434,15.249060034516766,0.7512232732097629,0.36389551176484136,0.60323752516305,0.7570656041385334,1.866,5112.959,6331.429,25042.509,28.175,0
202,1479.5460428994086,14.771757889546356,0.752628083916739,0.3627865625194208,0.6023176591462521,0.7631713480983858,1.824,5433.666,6720.608,22693.597,26.592,0
203,1448.1800110946745,14.54656681459566,0.7553392799554912,0.36411564050974543,0.6034199536887601,0.7564688595686014,1.781,5212.942,6531.504,22495.248,27.353,0
204,1419.6576214250495,14.111855892504934,0.7629320970574176,0.3686296528762872,0.6071487897346804,0.7371316690790989,1.763,5284.46,6682.583,21426.672,26.688,0
205,1420.3771572978303,14.00893737672584,0.7666071526876183,0.36932123283775453,0.6077180537368908,0.7292540823641585,1.775,5245.131,6647.87,21676.047,26.798,0
206,1424.2423955251481,13.981470352564106,0.7681738732410968,0.36883174127554613,0.6073151910462524,0.7210275149851425,1.755,5200.791,6592.514,21546.439,27.03,0
207,1517.343904092702,14.515809911242599,0.7627500404306173,0.3691524529523038,0.6075791742253053,0.7077624369068282,1.766,5079.283,6412.278,22473.085,27.805,0
208,1508.460806521203,14.441313794378699,0.76494718078157,0.3722241609225796,0.6101017627597708,0.7065083185763015,1.753,5211.361,6544.89,21725.526,27.253,0
209,1508.0250631780073,14.320597571499011,0.7701922713572316,0.3789617394804974,0.615598683787171,0.713572185913767,1.777,5405.514,6691.792,21712.987,26.682,0
210,1398.892666728304,13.57824056952663,0.7765553031526911,0.38943176045738787,0.6240446782541998,0.71647205351586,1.704,5608.758,6844.14,20007.898,26.154,0
211,1371.1471739398419,13.186159393491124,0.7846772475017174,0.3959869150822338,0.6292749121665616,0.7267878437065345,1.717,6027.92,7230.009,19053.705,24.713,0
212,1347.0088603303748,13.275902983234714,0.7789585797975633,0.3926776559958667,0.62663997318705,0.7238345053535692,1.667,6159.001,7290.056,18084.212,24.553,0
213,1264.1670673076924,12.810989891518739,0.7800318238108426,0.39236262065672756,0.6263885540594811,0.7352382283715979,1.637,6332.001,7359.865,17481.077,24.304,0
214,1174.8126001602566,12.24583179240631,0.784784969966646,0.39624204464547963,0.6294775966191963,0.7419051262777818,1.63,6372.175,7325.943,17425.289,24.391,0
215,1109.1624599358975,11.915695882642998,0.7875416397769985,0.40710005216238365,0.6380439265147688,0.7556529562484597,1.642,6645.958,7469.743,17341.541,23.929,0
216,1010.9528399285009,11.392820821005913,0.7935349315239681,0.4174637173852618,0.6461143222257666,0.7542161851989974,1.615,6851.311,7501.585,17058.637,23.846,0
217,944.7627588757396,10.922398915187376,0.8001561584350687,0.43222725435862613,0.6574399245243828,0.7626541713661749,1.602,7145.958,7641.527,16630.273,23.402,0
218,866.266626602564,10.329527243589745,0.8103562663607643,0.4462715748312699,0.6680356089545451,0.7684643714758271,1.588,7636.441,7930.231,15940.791,22.541,0
219,1069.2855723002956,12.727494760848124,0.7635188712272165,0.3060461361397873,0.5532143672572029,0.7361679608352703,1.691,4006.675,6051.981,22939.615,29.529,0
220,1050.1761741863907,12.469535872781062,0.7706041170950727,0.3131556580322482,0.5596031254668331,0.7418874412176087,1.703,4108.132,6159.378,22626.492,28.983,0
221,850.6167021079882,10.663376787475347,0.7961044243890941,0.3537078470444894,0.594733425195263,0.7370400245526123,1.61,5204.894,7029.726,18409.688,25.452,0
222,839.7195975098618,10.53459381163708,0.799760150980065,0.35861877611714105,0.5988478739355606,0.7325374988009316,1.602,5461.653,7156.054,17916.952,24.996,0
223,767.1114244329389,10.1380824704142,0.8031411359026552,0.3791397769398579,0.6157432719403907,0.7459623349610659,1.548,6122.001,7575.297,16106.967,23.633,0
224,731.4091854659764,10.003782975838265,0.8037374940064377,0.38755194421424805,0.6225367010982148,0.7475746631089176,1.529,6434.21,7727.58,15687.883,23.18,0
225,1556.0551420734716,15.436968380177518,0.7577535786188425,0.419161192511906,0.6474265923731477,0.777396105909432,1.966,3852.195,5506.94,31802.681,32.299,0
226,1531.676497781065,14.933216222879684,0.7654098371746693,0.4317016188555544,0.6570400435708271,0.7568117505850547,1.94,3993.639,5717.54,29847.253,31.126,0
227,1175.9636649408285,12.259461291913215,0.7901767449790186,0.4003131061024734,0.6327030157210201,0.7441504118714131,1.777,5307.084,6737.832,21689.061,26.501,0
228,1171.6238134861933,12.29236008382643,0.7876718791118762,0.38722074880187735,0.6222706395145744,0.7296698289814478,1.737,5276.458,6694.015,21268.405,26.726,0
229,1129.2624506903348,12.312746548323467,0.7798645516400964,0.38083439269454167,0.617117811033308,0.7180587964680024,1.677,5057.0,6481.76,21127.294,27.635,0
230,1082.6619514299803,12.132920364891516,0.7796384808082123,0.3840212092946778,0.6196944483329488,0.7119160309831274,1.646,5122.7,6593.664,20069.372,27.155,0
231,974.2589604906312,11.339905387080869,0.7866949188284738,0.38876781462361626,0.623512481529934,0.7027011553797726,1.599,5445.102,6996.555,18046.16,25.637,0
232,940.7692692924062,10.955582778599606,0.7914019676407175,0.38802313742389744,0.622915032266759,0.6815828825909733,1.587,5481.677,7041.21,17716.494,25.457,0
233,943.6081807815582,10.969975036982248,0.7925815554870971,0.38904453861095634,0.623734349391595,0.6741772411505074,1.588,5552.808,7111.525,17477.856,25.171,0
234,958.6513190335303,10.878759861932936,0.7975732519481428,0.39378745080736016,0.6275248607086098,0.6624441131056267,1.605,5757.549,7314.168,16973.806,24.458,0
235,950.4157575197237,10.730938732741615,0.8021151769629076,0.4020617297438384,0.6340833775962262,0.6549485060417923,1.587,5943.009,7459.825,16514.758,24.023,0
236,925.9094936513807,10.516788399901383,0.8049489620527459,0.40870262606699953,0.6392985422062212,0.6586506359693219,1.578,6150.703,7590.985,16207.355,23.641,0
237,861.5331915680474,9.69560527613412,0.8209174831311891,0.4218231152480686,0.6494791107095506,0.6635423485775371,1.548,7034.781,8412.049,14076.201,21.335,0
238,816.6594551282051,9.393059664694277,0.8234488791510554,0.4266281766806777,0.6531678013195978,0.666804049275614,1.515,7501.177,8767.602,12925.949,20.482,0
239,796.8398052268244,9.343626725838263,0.8206296542981353,0.4273734729381991,0.653738076708248,0.6660809217878392,1.492,7400.134,8614.082,12955.481,20.835,0
240,744.9879037228798,8.97905880177515,0.8244498829221784,0.43379693553895443,0.6586326256259664,0.6650505971311541,1.465,7656.975,8750.833,12470.949,20.469,0
241,678.067407852564,8.434071437376723,0.8328649903661013,0.44485772329741896,0.6669765537838785,0.6675234592997816,1.441,8432.669,9336.716,11486.365,19.218,0
242,620.9430165187376,8.063147189349113,0.8383920240485807,0.4592319054949709,0.6776665149577416,0.6749830734568576,1.405,9270.909,9968.857,10301.182,18.0,0
243,571.4822485207101,7.745069033530571,0.8416758731220464,0.4739373767252447,0.6884310980230663,0.6782219575423607,1.368,9630.643,10087.461,10062.17,17.791,0
244,496.33744760848117,7.194850221893489,0.848732688705409,0.4925077479306439,0.7017889625312185,0.682400974528607,1.297,10720.325,10871.684,8831.477,16.53,0
245,1321.2589373767257,13.324889053254434,0.7768966007466003,0.3669475597507155,0.605761966246409,0.7464235025998149,1.745,4732.413,6434.631,22121.766,27.785,0
246,1312.35299556213,13.346708579881657,0.7750531104584879,0.36681786868818844,0.6056549089111624,0.7374715163983327,1.728,4813.865,6591.676,21266.618,27.149,0
247,1287.76241216716,13.214165742110456,0.7753157827591781,0.36561900288672045,0.6046643720996967,0.7311268367253313,1.703,4704.788,6554.56,20925.956,27.303,0
248,1227.6463957716965,12.52618805473373,0.7846922164564423,0.3646677475548722,0.6038772619952437,0.7150575363750745,1.689,4837.567,6753.067,20020.772,26.495,0
249,1194.5903676651874,12.086900579388558,0.7937655151249848,0.3700259409962583,0.6082975760236583,0.7094295832481032,1.707,4940.764,6882.004,19802.753,25.946,0
250,1167.4599050788952,12.05168269230769,0.7908033557365663,0.37065040165102414,0.6088106451525171,0.703694437465583,1.678,4890.439,6795.319,19605.285,26.291,0
251,1168.1746794871797,11.863288954635111,0.7942271358262044,0.3855874485970268,0.6209568814314137,0.6878475867351564,1.655,5059.795,6926.224,18675.852,25.755,0
252,1174.5809757149902,11.94121363412229,0.7940836735157645,0.3928158268421119,0.6267502108831811,0.686476721296727,1.64,5275.651,7168.074,17606.439,24.889,0
253,1125.5741031804732,11.337385971400392,0.8049867214841122,0.40681048322093744,0.6378169668650541,0.6992456207213491,1.612,5756.336,7651.941,16031.35,23.34,0
254,1101.3504607371794,11.301166481755423,0.8016246353332777,0.40620556969712746,0.6373425842489481,0.7015532474339586,1.573,5827.086,7714.895,15328.023,23.169,0
255,1045.2167082716962,11.070520525147929,0.8002225889989364,0.4020839955082904,0.6341009347953135,0.7169147873069143,1.54,6008.161,7843.853,14636.059,22.805,0
256,979.6567739151874,10.527890779092703,0.8081726755706855,0.39845711645023324,0.6312345970003809,0.7336391428386233,1.552,6145.607,7877.095,14895.492,22.696,0
257,913.7115692800788,10.0815766765286,0.8131971637985628,0.40390615984635453,0.6355361200170723,0.7396686132112887,1.534,6460.547,8120.819,14165.284,22.01,0
258,851.1149069280078,9.811868219921106,0.8141680276730237,0.4134717777172164,0.6430177118223233,0.7522505640731616,1.516,6713.471,8277.934,13691.751,21.584,0
259,762.8182938856016,9.40853057199211,0.8157828887569095,0.4221672545403219,0.6497439915384534,0.7630514247173176,1.463,7005.106,8371.824,13183.755,21.375,0
260,697.3890224358975,9.216746794871796,0.8130132620648329,0.4347391901685203,0.6593475488454631,0.7678890479849646,1.419,7136.374,8322.425,12823.739,21.504,0
261,615.89382242357,8.476493158284024,0.8265352082765827,0.45622201244490385,0.6754420866698372,0.7889335236473969,1.385,7995.857,8955.35,11784.628,19.99,0
262,557.0054317677514,8.035988350591715,0.8321947628815577,0.4822854612735192,0.6944677539479563,0.7917623525018253,1.375,8565.095,9232.835,11427.504,19.392,0
263,1378.5881564349113,12.858096030571993,0.7970417875224133,0.40974115735938255,0.6401102696874833,0.7382197348081482,1.832,6180.255,7208.669,21293.689,24.779,0
264,1326.1684926651876,13.00310496794872,0.7863956915773412,0.4008125152335013,0.633097555858101,0.7358572954086987,1.794,5980.759,7086.735,20993.645,25.238,0
265,1364.9449426775145,13.33415002465483,0.7807143304265147,0.3922966590160907,0.62633589951087,0.7152667247973196,1.778,5781.538,6913.827,21365.558,25.926,0
266,1260.5206253081853,12.241209011341223,0.7966092626245852,0.39625762353348315,0.6294899709554419,0.7109011475193894,1.745,5917.749,7240.699,19487.364,24.718,0
267,1257.3933986686388,12.1371733234714,0.8000925890148017,0.39769900276745607,0.6306338103586392,0.703109083015687,1.739,5947.242,7283.293,19184.537,24.568,0
268,1273.3306983481261,11.947654709072978,0.8080706565409702,0.40333351644218574,0.6350854402694064,0.6834443283702164,1.797,6051.202,7438.148,19623.415,23.98,0
269,1236.6171258629192,11.623998397435898,0.8117600064081041,0.40961478297421744,0.640011549094403,0.673667484942742,1.74,6165.6,7529.452,18349.508,23.687,0
270,1201.2864121055227,11.183015902366865,0.8203599031131237,0.4153717519572409,0.6444934072255828,0.6757176454014019,1.724,6656.922,8028.279,16773.767,22.224,0
271,1170.7765116494083,11.050904524161737,0.8244569532809619,0.42204260782424563,0.6496480645890094,0.6698788133293141,1.753,6817.03,8104.695,17215.231,22.052,0
272,1131.8492973372784,10.699765779092704,0.826727614195159,0.4281441679881963,0.6543272636748344,0.6685006275566916,1.708,7180.437,8414.527,15860.154,21.249,0
273,1053.471161550789,10.256895648422091,0.8254978554089227,0.42820829453044695,0.6543762637278701,0.6760781189177736,1.647,7042.653,8229.448,15392.62,21.714,0
274,991.3998089250492,9.7604474852071,0.8327276399875052,0.43237035602264035,0.6575487480199779,0.6828393599849475,1.644,7416.096,8525.111,14850.723,20.963,0
275,948.8736825073964,9.62434510601578,0.8300512784086078,0.4415356962783651,0.6644815244070862,0.6807393559355329,1.638,7612.242,8533.995,14735.75,20.95,0
276,1333.3658777120315,12.901134122287969,0.7979313694029013,0.4126179885468021,0.6423534763249921,0.7497738948387193,1.896,5551.021,6707.432,24586.648,26.65,0
277,1412.498751849113,13.412737302761347,0.7901784899144111,0.40404296843746246,0.6356437433322714,0.7282359709327674,1.892,5458.116,6503.477,25208.232,27.466,0
278,1378.3976901503947,13.482487364398423,0.7839740136258659,0.39097342750058384,0.6252786798704909,0.7369732520182696,1.838,5194.056,6283.862,25094.772,28.433,0
279,1049.9725560897436,11.219998150887573,0.8013068239920611,0.3829325718663754,0.6188154586517498,0.7208614377896584,1.67,5667.923,7187.877,18335.396,24.838,0
280,1023.7540141148916,10.874930658284025,0.8068323561651677,0.3861976014620734,0.6214479877367641,0.7159398917777186,1.623,5872.741,7454.179,16816.498,23.953,0
281,1009.1837863658776,10.767150517751478,0.8070221627938324,0.386341611711709,0.6215638436329038,0.7080680061909663,1.588,5831.376,7399.943,16577.722,24.143,0
282,1006.9004638190338,10.827100283530575,0.806566589148981,0.3945896880949059,0.6281637430598059,0.6949793503421902,1.614,5878.095,7384.378,16926.583,24.208,0
283,990.2956191444775,10.664193478796847,0.8081725785355157,0.39816239107316875,0.6310011022757162,0.6888641159339078,1.569,6126.363,7625.733,15757.508,23.486,0
284,948.0086446005919,10.126710428994086,0.8173632227122216,0.40815214708994896,0.6388678635601801,0.6863376200634725,1.576,6473.864,7926.144,15317.264,22.597,0
285,934.797214003945,10.131780078895465,0.8162584509302429,0.4099125319762423,0.640244119048541,0.6800712682720701,1.596,6477.338,7875.416,15702.853,22.731,0
286,871.604467147436,9.964566383136097,0.8127041837011987,0.40837647094224383,0.6390434030191093,0.692531322808243,1.541,6575.761,7929.598,14774.848,22.565,0
287,847.3124845907299,9.852949334319527,0.8130704457164593,0.4058899726804012,0.6370949479319399,0.7027796905683993,1.536,6674.525,7938.346,14718.739,22.545,0
288,793.4582485823471,9.345498952169626,0.8232550029384902,0.4120390517432391,0.6419026808973765,0.7172769583000681,1.575,7065.609,8211.216,14818.585,21.788,0
289,740.7522343441815,9.289185774161739,0.8183488568043169,0.4179945818190644,0.6465250047902744,0.7265088758733258,1.531,7290.75,8277.303,14310.852,21.633,0
290,669.6004761464499,8.900756595167655,0.8205718382027293,0.4313680106989934,0.6567861224926981,0.7462560725903904,1.467,7707.26,8527.914,13199.686,21.029,0
291,618.8886757273175,8.563247349605524,0.8236914096177983,0.4480757019921042,0.6693845695802259,0.7518154262492502,1.438,8151.443,8783.906,12544.725,20.411,0
292,573.6475976947731,8.251810589250491,0.8278947181050732,0.4677102928324419,0.6838934806184673,0.7631989749020679,1.404,8673.501,9046.638,12095.375,19.829,0
293,520.0728550295858,8.103427021696254,0.8248940825761895,0.4839168902659907,0.6956413517510232,0.78324678944648,1.317,8949.32,9073.865,11495.004,19.781,0
294,1068.6235669378698,11.575151010848126,0.7941292883745216,0.3635218483075282,0.6029277305842949,0.7441980444472326,1.665,5415.127,7060.816,18951.876,25.396,0
295,1038.1695944280077,11.166697485207099,0.8002527105356869,0.37094026777049016,0.60904865796625,0.7155466139560063,1.664,5476.711,7144.254,18669.594,25.104,0
296,1066.0151704265288,10.97570728550296,0.810405572985792,0.3748101260551345,0.6122173846397491,0.702307532881824,1.706,5730.629,7488.978,18069.098,23.859,0
297,1061.3920811760354,11.176459257889546,0.8044657927547035,0.3717971618909854,0.609751721515393,0.6854729533170084,1.687,5610.752,7362.02,18183.299,24.297,0
298,1049.3642751479288,11.01343688362919,0.806065161224797,0.37360732043740486,0.611234259868837,0.6902300103543231,1.65,5701.754,7455.641,17438.612,24.024,0
299,1090.3005269970415,10.69922645463511,0.8225790707055405,0.38117594293924034,0.6173944791940079,0.6798610540613519,1.715,6125.717,7950.757,17020.833,22.449,0
300,1078.3216454018739,10.745908838757396,0.8174313475861813,0.38211807883858145,0.6181570017710561,0.6700072444738863,1.67,5892.545,7648.51,17233.281,23.367,0
301,1043.1774531558187,10.124321992110456,0.83119994120927,0.3952694393843124,0.6287045724219862,0.6623995046959402,1.7,6648.015,8297.528,16327.811,21.599,0
302,1023.4254191321501,10.21363412228797,0.8244968913706469,0.3955245932263718,0.6289074599862621,0.6608622053581695,1.641,6572.808,8135.763,15806.441,22.045,0
303,974.9010031434912,9.872665495562131,0.8281285473830918,0.40008129588694563,0.6325197988102393,0.6788767675428662,1.642,6800.987,8357.855,15251.787,21.415,0
304,905.2319942677516,9.450944588264301,0.832825397514262,0.4111279605735344,0.6411926080153564,0.686642813494995,1.656,6914.926,8366.954,15576.668,21.358,0
305,881.9963402983235,9.523137019230768,0.8259839797822983,0.41672671843450837,0.6455437385913586,0.6918971671287534,1.601,6880.958,8198.697,15223.554,21.829,0
306,807.6336446005917,8.960783407297832,0.8361644724016853,0.4273840105294439,0.6537461361487683,0.7053528800257801,1.627,7539.044,8677.798,14766.955,20.598,0
307,643.0778553377713,8.030379376232743,0.845816413992757,0.46954993347152785,0.6852371366698742,0.7325724567845692,1.547,8936.282,9537.881,12675.472,18.788,0
308,596.0182214620315,7.841739090236686,0.8446362165524217,0.482047174625134,0.6942961721233483,0.7390838525416196,1.528,9031.336,9434.052,12716.702,18.983,0
309,1153.3379792283038,12.64229690581854,0.7731698277794243,0.358488921172623,0.5987394434748916,0.723866474526502,1.706,4497.239,6136.39,22959.505,29.132,0
310,1085.4433709319526,12.351993959566073,0.7746835167072322,0.3516725615305249,0.5930198660504763,0.7192126876699731,1.678,4577.432,6276.826,21845.768,28.499,0
311,1050.1681459566078,12.371794871794874,0.769222269773473,0.3453138497758867,0.5876341121615445,0.7201194896164009,1.649,4450.884,6178.224,21601.301,28.944,0
312,982.2217548076922,11.813994699211046,0.77532659884194,0.3505062112784149,0.5920356503441452,0.7058469113112169,1.624,4724.563,6496.293,19965.718,27.557,0
313,934.2554240631164,11.499013806706115,0.7777991985260242,0.3536047126037471,0.5946467124299495,0.6775475616186167,1.655,4631.332,6369.483,20937.254,28.045,0
314,938.3947084566075,11.198486809664695,0.7890300115587532,0.3618841495266602,0.6015680755547623,0.668920087384836,1.684,4910.349,6672.822,20166.542,26.735,0
315,956.3203124999999,11.508582963510849,0.779659197817721,0.3627449048243989,0.6022830769865603,0.653371059769281,1.632,4720.668,6411.289,20169.788,27.857,0
316,957.6901503944775,11.28100345167653,0.7884259179743266,0.367550815325404,0.606259692974392,0.6494600552392114,1.674,4910.081,6593.907,20213.774,27.068,0
317,979.9291558801773,11.380508814102562,0.7869060787022817,0.3740060085025957,0.6115603065132625,0.6267924018942049,1.669,4990.642,6603.698,20149.664,27.062,0
318,923.3407683062131,10.902821437376726,0.7951746873085892,0.38085258689010054,0.6171325521232052,0.6249951266548084,1.638,5332.092,6900.748,18877.439,25.943,0
319,870.2835536858977,10.584049864398423,0.7947592187560353,0.3807698045728686,0.6170654783512594,0.6406609590986273,1.629,5429.754,6981.188,18411.947,25.624,0
320,822.4453664324457,9.89265131903353,0.8105093061379153,0.38550389236293403,0.6208895975637972,0.6618834435241251,1.628,6005.236,7544.356,16943.873,23.715,0
321,761.9649747287971,9.742618959566075,0.8042892976854511,0.3941837833453323,0.6278405715986601,0.6755218998704254,1.537,6043.201,7528.013,15780.657,23.791,0
322,717.0790264423077,9.290302946252467,0.815130727395038,0.4062518351800081,0.6373788788311142,0.6776055465615255,1.577,6466.838,7868.886,15578.41,22.75,0
323,701.7782760108482,9.329219058185405,0.8126902886927129,0.4205257288856806,0.6484795516326484,0.6737440351569124,1.526,6496.768,7788.846,15184.173,23.002,0
324,681.2069850221893,9.221269415680474,0.8142719661108994,0.4279605872052791,0.654186966551061,0.6662036891405185,1.494,6972.218,8116.08,14249.272,22.084,0
325,632.3919810157789,8.809695512820511,0.8220278379203302,0.4455421068390023,0.6674894057878389,0.6843054932653512,1.49,7330.182,8357.808,13831.715,21.457,0
326,959.3393121301774,11.904770710059173,0.7724925117166453,0.3463667385954237,0.5885293013906986,0.7645586459662251,1.587,4908.481,6691.862,18737.982,26.747,0
327,936.2489752835307,11.407336353550297,0.7847831508674193,0.3570672582273417,0.5975510507290082,0.7613561652739635,1.603,5241.122,7019.057,18114.11,25.514,0
328,917.7834072978303,11.213141025641026,0.7864141911995898,0.36345074735703775,0.6028687646221503,0.7596215574816481,1.591,5278.515,7021.674,17861.065,25.475,0
329,885.0104783037475,11.15249013806706,0.7852897080542156,0.37058896114543965,0.6087601836071735,0.7599470839985083,1.563,5311.686,7009.489,17360.961,25.531,0
330,825.5848357371794,10.634838819033531,0.7930629437876257,0.38219115474292176,0.618216106829094,0.7615745985049959,1.537,5652.967,7349.198,16096.545,24.381,0
331,799.8327863042407,9.927075628698226,0.811573249549155,0.3931767661457725,0.6270380898683687,0.7594403000535817,1.536,6410.853,8120.331,14295.717,22.074,0
332,782.8648838141025,9.639060959072978,0.8187284535093712,0.4008330069824495,0.6331137393726735,0.7549166125605486,1.551,6917.772,8522.327,13802.68,21.014,0
333,1513.8479105029587,14.648884368836292,0.7675222778389809,0.39626102402914504,0.6294926719423706,0.7206993529577347,1.888,4731.556,5993.588,27436.628,29.848,0
334,1519.151419193787,14.838472324950692,0.7599490191199508,0.384870285800476,0.6203791468130404,0.723259422286909,1.855,4666.562,6001.827,26566.361,29.838,0
335,1497.3390809911245,14.686066937869825,0.76298208388807,0.3931613027379568,0.6270257592299991,0.6956574705069395,1.857,4687.933,6079.166,26106.411,29.406,0
336,1455.796027490138,14.088341346153847,0.774519193479855,0.39990644033230394,0.6323815622962958,0.6755697745732557,1.856,4947.072,6394.695,24554.155,27.95,0
337,1403.7606863288954,13.869984282544378,0.7726514106755145,0.4001676738801298,0.632588075986364,0.6651519890926056,1.824,4856.377,6255.378,24722.484,28.673,0
338,1482.8214836045365,13.95119884122288,0.7777284931003277,0.40284945603274475,0.6347042272056684,0.6481583413973455,1.814,5035.155,6479.753,23215.894,27.575,0
339,1509.0201861439843,14.114182692307693,0.7771347573381114,0.4092384293175198,0.6397174605382596,0.6455334015702018,1.847,4908.708,6309.146,24509.74,28.276,0
340,1527.2708410379685,14.592817739151874,0.7687751519589485,0.41416804909191796,0.6435588932583544,0.6455081484794507,1.849,4804.437,6091.346,25702.269,29.359,0
341,1500.467039571006,13.741047214003943,0.7879733830732883,0.43585571015940683,0.6601936913962498,0.6470549229611177,1.83,5268.071,6562.783,23328.719,27.234,0
342,1454.2292437130177,13.10581545857988,0.7981533746437812,0.4461766891990297,0.6679645867851302,0.6591801837380649,1.838,5681.769,6914.872,22342.964,25.89,0
343,1390.1799340483235,12.559217825443787,0.8060234998908796,0.4471513742611234,0.6686937821313456,0.6700796671651061,1.834,6182.864,7362.538,20939.252,24.369,0
344,1366.2280880177518,12.386803500986195,0.8084185137109244,0.4487284587135618,0.6698719718823604,0.6809921075189737,1.805,6582.581,7692.651,19452.773,23.329,0
345,1278.6771603796842,12.235808062130175,0.8019119102346625,0.4468361622847118,0.6684580482608552,0.6973649085876622,1.789,6426.098,7452.084,19776.14,24.005,0
346,1175.454111193294,11.79712154832347,0.8015991261546245,0.4453496947489843,0.6673452590293755,0.7132499205922731,1.754,6488.493,7403.359,19449.783,24.165,0
347,1129.5179826183432,11.568555843195266,0.8049625875870969,0.4628056619377774,0.6802982154450924,0.7003847182746384,1.8,6659.931,7406.544,20143.745,24.131,0
348,1029.2637142504932,10.995161489151874,0.8128952145104161,0.484506438046332,0.6960649668287666,0.7018312082414081,1.781,7018.316,7583.354,19422.723,23.564,0
349,910.1917683678502,10.353103427021699,0.8168555925617754,0.4946661554556506,0.7033250709704941,0.7180059435884645,1.693,7581.611,8001.342,17264.51,22.375,0
350,1316.8325551651874,14.04515686637081,0.759028715815479,0.34874573179972723,0.5905469767933176,0.7619303959748888,1.813,3981.712,5562.632,27775.523,32.086,0
351,1236.6247072238662,13.696298693293887,0.7596766127341753,0.34867153464754236,0.5904841527488628,0.7577002708689423,1.779,4114.684,5692.45,26280.962,31.348,0
352,928.6836091592702,11.276450012327416,0.7863477105606183,0.3769204143222926,0.6139384450596759,0.7014121744606355,1.631,4928.996,6447.706,20644.768,27.746,0
353,961.3342964127221,11.256679918639055,0.7917774123973961,0.38383038103365075,0.6195404595614807,0.6821600694957743,1.675,5070.154,6488.506,21139.159,27.507,0
354,944.2630901750492,11.000223434418146,0.7984316800083211,0.39211610623603693,0.6261917487767121,0.6869977827546744,1.698,5425.013,6781.544,20383.945,26.325,0
355,874.7220321745563,10.665295241617358,0.7999460076137003,0.39717998998599746,0.6302221750985897,0.7058291540137652,1.621,5695.22,6937.347,18852.475,25.79,0
356,840.8905094304736,10.219204573471403,0.8125226763252336,0.41005612582048206,0.6403562491461156,0.7205798880203117,1.67,6263.19,7396.572,18254.131,24.174,0
357,792.9734190088757,9.843642135108482,0.8158820021669221,0.41558323020987453,0.6446574518376985,0.7263537607905755,1.653,6487.406,7496.43,17757.466,23.853,0
358,754.3325859837278,9.5759445882643,0.8181432489471921,0.42100220297470786,0.6488468255102339,0.7362064900074873,1.597,6850.634,7732.71,16507.807,23.162,0
359,720.0794424926034,9.168585120808675,0.8262264112198049,0.43322772237792995,0.6582003664370979,0.7457690718064975,1.655,7245.849,7998.67,16507.47,22.329,0
360,700.5718149038462,8.848303439349111,0.833089980974445,0.44559311835502763,0.6675276161740633,0.752207775653367,1.648,7721.032,8329.723,15838.099,21.46,0
361,675.5510817307692,8.584273298816566,0.8369518993547969,0.45737787309204236,0.6762971780896637,0.7602443508790512,1.583,8170.65,8653.628,14551.5,20.671,0
362,1100.966538769724,14.028776812130179,0.7381455453550856,0.3404867291119838,0.5835124069906173,0.7753007749921697,1.802,4602.408,6214.068,24378.396,28.659,0
363,1085.746717825444,13.837355152859958,0.7426640925662407,0.3443026283124393,0.5867730637243322,0.7696380786412973,1.815,4655.485,6215.898,24537.243,28.624,0
364,1061.1351855276134,13.762743466469427,0.7406487122985634,0.34686338690925916,0.5889510904219969,0.7698339118876348,1.772,4818.551,6346.31,23136.595,28.059,0
365,1030.3903014053255,13.336029955621305,0.7502867087981734,0.358328853589503,0.5986057580657765,0.7716301007168217,1.785,5099.398,6576.458,22469.063,27.089,0
366,906.5124275764301,11.936536920611442,0.7726709597548235,0.37785230646932993,0.6146969224498606,0.7901315682336626,1.735,5789.312,7171.964,19910.999,24.898,0
367,842.8437191814596,11.573687130177515,0.7728516032271978,0.376745185955785,0.6137957200533293,0.7883521884203806,1.651,5690.302,7008.626,18976.968,25.512,0
368,790.2256302391519,11.307160687869821,0.7741223536115571,0.3768117669658715,0.6138499547657159,0.8096229140037687,1.647,6081.56,7321.144,18103.867,24.392,0
369,775.2689688116373,11.372303377712036,0.7703696799604858,0.38301051851474605,0.6188784359749062,0.8042346970009322,1.614,6134.333,7323.198,17548.949,24.392,0
370,1488.6906743096645,14.017165927021694,0.7732961303607233,0.37870911945020835,0.6153934671819391,0.7166979571309431,1.82,5594.529,6783.44,22432.924,26.349,0
371,1449.3710475221897,13.996309479783038,0.7696933629456412,0.38003571758827753,0.6164703704058108,0.7192643843241062,1.83,5564.551,6746.892,22645.834,26.493,0
372,1369.7557245438854,13.373220229289942,0.7736638773154887,0.3793238898161235,0.6158927583728546,0.7104755937803272,1.766,5692.222,6939.9,20599.338,25.713,0
373,1023.2567184418149,10.270648422090732,0.8229347132834096,0.42942678340094487,0.6553066331122743,0.6973409605105627,1.694,7665.024,8530.88,15584.529,21.026,0
374,938.6340606508875,9.717763806706113,0.8289760388003272,0.42735412906068415,0.6537232817184073,0.7138810295960752,1.667,7981.869,8710.922,14930.363,20.577,0
375,884.0307183801777,9.781658345660752,0.8202015471072153,0.4280432758353782,0.6542501630380984,0.7339837907971218,1.658,7845.718,8510.712,15145.899,21.023,0
376,816.7372719428008,9.622935157790927,0.81623141924075,0.4319500202416566,0.6572290470160739,0.7500428219069712,1.575,8081.112,8639.928,13872.879,20.721,0
377,1503.3329943293884,14.228149654832347,0.7801290883158778,0.4238487339209361,0.6510366609653684,0.7885613562058995,1.944,4890.535,6120.232,28313.164,29.204,0
378,1531.6890486316572,14.462085490631164,0.7770335678038816,0.413309037379544,0.6428911551573439,0.7824190304828151,1.923,4846.824,6081.008,28182.315,29.428,0
379,1312.6212632519726,12.709851146449706,0.7926451372293917,0.38360879085554683,0.6193615994356987,0.770027724354699,1.799,5618.078,6827.105,22007.237,26.189,0
380,1298.190265964004,12.6696945882643,0.7925104891938023,0.3871070870468331,0.6221793045793416,0.7682764766530654,1.774,5763.774,6966.364,21049.141,25.692,0
381,1281.2895478920118,12.721300234220907,0.791220212738543,0.3873782210154533,0.6223971569789287,0.7740231979444006,1.75,5658.668,6839.382,20841.814,26.122,0
382,1258.3071915064106,12.074958394970418,0.8068911277339358,0.39684648334485423,0.6299575250323265,0.7783257114674523,1.763,6108.2,7276.993,19604.65,24.52,0
383,1249.7283884985204,12.065250554733726,0.806891088311813,0.40051725516602654,0.6328643260336504,0.7794912646422038,1.775,6138.676,7234.753,19918.361,24.668,0
384,1246.9100946129192,12.2982387204142,0.800127996687135,0.4035468394245931,0.635253366322913,0.77891212396091,1.732,5987.723,7048.901,19851.925,25.329,0
385,1238.1218256903355,12.2255608974359,0.8015177066048477,0.41255596345012896,0.6423051949425047,0.7778280746614945,1.726,6205.866,7177.435,19399.562,24.897,0
386,1177.5673076923076,11.635848126232741,0.8130192329515796,0.42828975691722143,0.6544385050692093,0.7849299881691904,1.725,6882.404,7779.361,17685.866,22.966,0
387,1155.5604274531559,11.544848680966469,0.8120080165374318,0.4327778338790517,0.6578585211723351,0.790583472979505,1.702,7120.11,7971.1,16834.007,22.4,0
388,1094.6842563486193,11.218850160256412,0.8132647577255292,0.4322844299626509,0.6574834066063195,0.8003502714342214,1.73,7256.073,7934.242,17431.094,22.491,0
389,1030.5893198348126,10.564772867357002,0.8240554814264088,0.45107953625387887,0.6716245500678775,0.8065806010600817,1.716,7622.782,8140.669,16881.01,21.899,0
390,979.0521911982248,10.473696375739644,0.8202197288333397,0.454182812884947,0.6739308665471162,0.8160398767873951,1.682,7640.179,8036.053,16770.939,22.22,0
391,923.9798369699212,10.291366185897434,0.8206537603797075,0.4647031732732265,0.6816914061899464,0.8221332245082865,1.661,8097.205,8256.225,16234.834,21.637,0
392,879.745307877219,10.00888344428008,0.8249030007293074,0.4822533336806047,0.6944446224722348,0.8281032033072685,1.681,8534.382,8423.151,16314.112,21.206,0
393,810.4704912475343,9.780494945759367,0.8235837540922648,0.48671378504794044,0.69764875478133,0.8396831592512496,1.623,8802.145,8507.803,15544.592,21.008,0
394,765.9553131163708,9.408838757396449,0.8299733114736785,0.5093930139535652,0.7137177410948709,0.8444457019212034,1.636,9260.086,8641.483,15670.437,20.686,0
395,686.7476192677515,9.074126294378697,0.8287326556270186,0.530414706781412,0.7282957550208652,0.8544713518793695,1.584,9651.145,8696.631,15152.092,20.563,0
396,1246.6180735330377,13.369845599112427,0.7609568579583815,0.32925112146023977,0.5738040793339132,0.6891309369577714,1.692,3967.043,5827.145,23939.795,30.702,0
397,1225.448710244083,12.795372596153847,0.7797454234456533,0.3438405304865091,0.5863791695537189,0.6478576870389605,1.722,4345.386,6224.171,22489.963,28.671,0
398,1192.2179564225835,12.71128420857988,0.7777532931782996,0.3490794076208664,0.5908294234555913,0.6347427471935625,1.716,4296.272,6090.675,23138.668,29.347,0
399,1133.3821344921103,12.10948286489152,0.785701713237857,0.35474156437944376,0.5956018505507213,0.6517003013968303,1.702,4660.921,6474.25,21314.043,27.615,0
400,1097.4956468811638,11.790595722386588,0.790244696741552,0.3596650257274359,0.599720789807587,0.6607397871336191,1.705,4799.637,6567.602,21011.06,27.2,0
401,1058.976770525148,11.71603026380671,0.7905087827253404,0.36209501007938333,0.6017433091272252,0.6726973920583464,1.704,4879.475,6565.813,21260.59,27.223,0
402,841.0849821252467,10.920195389546354,0.7909706158908348,0.39146115842586476,0.625668569152922,0.7132511152620805,1.588,5671.795,6987.482,18482.091,25.597,0
403,1522.484852687377,14.311498397435901,0.7630743003030215,0.33556625893310515,0.579280811811599,0.7203291732065981,1.683,4735.196,6492.463,20518.584,27.492,0
404,1538.5249244945762,14.059641580374759,0.7714538724281905,0.339706431628011,0.5828434023200494,0.7125064771681991,1.688,4837.977,6613.439,20202.322,26.991,0
405,1523.5988581730767,13.707108296351082,0.7803181464532957,0.3446541553092749,0.5870725298540844,0.7058823706881435,1.688,4944.782,6728.819,19798.611,26.522,0
406,1542.287321252465,13.62244206114398,0.7853864631702223,0.34955264418354115,0.5912297727479064,0.7021557508370235,1.706,5066.849,6855.98,19625.99,26.015,0
407,1535.8014438486193,13.496633074457595,0.788631302811221,0.35520254267159007,0.5959887101880287,0.6970109390881979,1.696,5189.715,6973.064,19027.112,25.584,0
408,1527.941336908284,13.425033900394478,0.7892441819410322,0.35713957817164566,0.5976115612767592,0.697476115344909,1.684,5240.514,6915.664,19025.412,25.814,0
409,1517.0295318663707,13.38565551035503,0.7922243843035888,0.3620509793084279,0.6017067220070156,0.6990568081558448,1.744,5425.19,7009.157,19912.277,25.487,0
410,1368.5706129807695,12.380570451183434,0.8056457683382411,0.3777720191266708,0.6146316125344277,0.7214024615141605,1.744,5984.107,7474.974,18479.432,23.854,0
411,1289.7390902366865,11.992665187376726,0.8106840206871542,0.3873975249130642,0.6224126644864034,0.7351703251745478,1.782,6262.679,7624.93,18870.201,23.397,0
412,1692.7782914201184,14.628266765285995,0.7974288736838951,0.5140243177874475,0.716954892435673,0.730169566619579,2.183,5899.226,6657.091,31226.464,26.718,0
413,1518.8379715236688,13.831407174556213,0.7989687091763374,0.5162368663987015,0.7184962535731843,0.756154506849516,2.127,6069.192,6862.648,28977.338,25.927,0
414,1470.786650949211,13.211623212524655,0.8045909440664656,0.51349398953551,0.7165849492806209,0.7566373790879021,2.114,6496.988,7255.532,27078.276,24.546,0
415,1461.976978550296,13.45891888560158,0.7920115968748033,0.47866669213312385,0.691857421824124,0.7494552762565508,2.011,6287.278,7084.531,25464.257,25.159,0
416,1529.7054286858975,14.080074272682449,0.7828026864516986,0.4590960987017263,0.6775663057603487,0.7499738810134988,2.022,6111.239,6878.013,26467.042,25.927,0
417,1588.5654739891515,14.298431336291912,0.7819708079082346,0.4556440429576492,0.6750141057471682,0.7339347730294632,2.011,6155.751,6921.697,25834.068,25.744,0
418,1667.0954912475347,14.763236563116372,0.7793006728003002,0.45100292557838506,0.6715675137902257,0.7006425630016001,2.026,6060.711,6829.155,26554.145,26.114,0
419,1534.7147435897436,14.175542406311635,0.7806347706293688,0.44483208924086604,0.6669573368970957,0.7361424873909892,1.977,6008.819,6844.036,25372.62,26.037,0
420,1469.9899377465485,13.793346277120317,0.7814504438214835,0.4369465984978775,0.661019363179232,0.7365996685082268,1.896,6009.728,6926.373,23233.094,25.719,0
421,1449.200698039941,13.99407513560158,0.7742243506439515,0.4246422631133907,0.6516458110917239,0.7354101838962771,1.847,6088.978,7063.745,21983.1,25.278,0
422,1411.5273052268246,13.928316074950693,0.7701846864688704,0.418551229929834,0.6469553538922403,0.7364399399805465,1.805,6207.38,7257.859,20526.656,24.631,0
423,1398.1746640779093,13.875138683431953,0.7720119898697199,0.4179651151603626,0.6465022158974884,0.7261044490255313,1.798,5990.715,7103.995,20750.431,25.135,0
424,1348.0952524038462,13.201838325936883,0.7835089993591818,0.41945452645770426,0.6476530911357594,0.7073771298223015,1.796,6345.896,7567.728,19164.598,23.574,0
425,1297.3036704881656,12.809988288954635,0.7854414402301406,0.42247295307291954,0.6499791943384954,0.7102731899635946,1.781,6443.044,7690.889,18603.595,23.188,0
426,1287.9468534270218,12.622180103550296,0.7906293145404334,0.4313225345372569,0.6567515013589668,0.7079727290178067,1.773,6302.337,7514.485,18918.44,23.738,0
427,1307.3383875739646,12.688979289940832,0.7915909662247902,0.43585340997927524,0.6601919493444882,0.7086942320516051,1.755,6197.446,7407.001,18856.91,24.069,0
428,1336.1988720414201,13.042252218934912,0.7873123386257761,0.4420036107425884,0.6648335210731995,0.7131279768848025,1.784,6080.794,7249.41,19821.369,24.597,0
429,1294.9607834072979,12.494591346153847,0.7962342948212863,0.4513305780648293,0.6718114155511421,0.7184034529289262,1.768,6408.025,7563.884,18611.964,23.601,0
430,1226.4269369452666,11.942145894970416,0.8037607659853694,0.4510872731519096,0.6716303098817903,0.7330463930890878,1.735,6786.063,7926.586,17310.09,22.552,0
431,1159.0186760355027,11.89725098619329,0.7961183699747634,0.44189549497494374,0.664752205693929,0.7386481234447805,1.666,6800.664,7893.464,16333.668,22.671,0
432,1101.770871856509,11.679571930473374,0.7963841944002784,0.43487842644805164,0.6594531268013305,0.7498057776343832,1.694,6870.533,7906.714,16742.503,22.608,0
433,1023.7030325443786,11.236563116370808,0.8007346400202823,0.44218806948064343,0.664972232112472,0.7643931486837293,1.687,7154.869,8098.285,16282.565,22.075,0
434,958.5150009245563,11.08065982495069,0.7973101517923634,0.4525188772992684,0.6726952335933921,0.7629456118740684,1.664,7031.517,7879.188,16500.922,22.699,0
435,900.6591392381657,10.745939657297829,0.8039901792024432,0.472582282383517,0.6874462032650388,0.763001810488542,1.694,7300.833,8031.517,16668.638,22.268,0
436,814.2111455251481,10.203302206607498,0.80806548378617,0.4917950333065622,0.7012809945425316,0.761621212707779,1.645,7292.156,7877.291,16456.432,22.727,0
437,736.1823610083827,9.777451614891518,0.8120194696102526,0.5069773201765307,0.7120233986158957,0.7780330042426579,1.628,7627.779,8039.783,16160.096,22.285,0
438,1460.9063193417157,13.70733943540434,0.7862142547780401,0.4056003887130998,0.6368676382994348,0.7401214997207343,1.878,5686.355,6502.297,24994.319,27.491,0
439,1411.0901365261343,13.576530140532547,0.782144303100641,0.39313416275683283,0.6270041170174505,0.7345727561786589,1.813,5684.872,6596.091,23292.387,27.143,0
440,1306.2577354536493,12.177915433925051,0.8047380430926807,0.3992111069716388,0.6318315495222115,0.6785188859285299,1.774,5924.737,6976.92,20969.4,25.56,0
441,1296.320859529093,12.19319372534517,0.8036022769597917,0.3996997551418857,0.6322181230729516,0.6829957585928779,1.749,5970.883,7029.059,20407.0,25.386,0
442,1282.682168392505,11.902151134122288,0.8093692610522338,0.40311316483231774,0.6349119347061589,0.6797781481032487,1.759,6199.682,7226.067,19905.208,24.711,0
443,1234.8141796104535,11.432861809664695,0.814849956022963,0.40663440297378767,0.6376789184015633,0.6777877432962887,1.745,6397.445,7395.666,19172.536,24.153,0
444,1168.2593996548326,10.895432692307693,0.8217727771995113,0.4092462164575573,0.6397235468994066,0.692006445170593,1.743,6760.776,7702.269,18377.224,23.191,0
445,1087.9066814595662,10.326060157790927,0.8297954929511817,0.4181232080641798,0.6466244722125662,0.7038953733530241,1.745,7341.283,8187.07,17281.306,21.813,0
446,1487.5234606139052,14.499714928500982,0.7680250204819805,0.3738081372857491,0.6113985093911737,0.745581971277159,1.868,4576.656,5771.738,28242.928,30.964,0
447,1430.342409393491,14.168438732741613,0.7715312295068469,0.3727366290204085,0.6105216040570625,0.7504075712333003,1.861,4806.456,5993.669,26915.75,29.819,0
448,1334.3385031434914,12.028114213510847,0.8199806867303634,0.4093589191104269,0.6398116278330888,0.6962019391175924,1.871,6403.706,7523.783,21106.787,23.739,0
449,1285.3514854536488,11.695112179487177,0.8225234240962045,0.4111742484579241,0.6412287021476223,0.7043979804538062,1.845,6564.736,7617.766,20328.661,23.441,0
450,1457.300711908284,13.943124383629192,0.773407985485599,0.36057672952165115,0.6004804156020837,0.7222998111737057,1.823,4832.095,6373.387,23995.98,28.025,0
451,1442.841677453156,13.603835367357004,0.7807956892928556,0.36097845695741404,0.6008148275112841,0.6962964437804059,1.811,4942.91,6589.217,22744.837,27.083,0
452,1443.1450474605522,13.952585675542405,0.7699685549124187,0.3574126081434509,0.597839951946548,0.6838285915702925,1.789,4725.251,6381.928,23117.94,27.992,0
453,1473.3575952292902,13.951083271696252,0.7741866285559046,0.35928210744167743,0.5994014576572845,0.665027585218086,1.801,4665.094,6333.78,23568.615,28.184,0
454,1454.3557075936883,13.610022189349113,0.7798047050736913,0.3598161144458495,0.5998467424649812,0.6550524119511077,1.78,4776.592,6495.498,22460.793,27.507,0
455,1393.7713726577908,13.141349235700195,0.7858226990129558,0.3715088519158365,0.6095152597891512,0.655904441388292,1.75,4864.943,6620.267,21417.009,26.964,0
456,1355.3907251602564,12.905625924556213,0.7878638825638387,0.375127324827995,0.6124763871595337,0.6616863146798213,1.753,4980.834,6721.678,21176.809,26.582,0
457,1317.2511094674558,12.416050295857989,0.7985143960549939,0.3851021782241256,0.6205660143966358,0.6636772009383355,1.759,5327.164,7099.662,19992.46,25.154,0
458,1235.8860253328403,11.845483542899409,0.8046334661545916,0.39279648119117505,0.6267347773908634,0.6677009135422571,1.735,5512.972,7223.829,19332.697,24.763,0
459,1192.9087925295858,11.601069403353057,0.8082473006444424,0.3944946620061678,0.6280881005131109,0.6713694260042432,1.738,5747.41,7391.254,19118.519,24.219,0
460,1122.4953309911243,11.394461908284024,0.8065588988475417,0.3895891801064419,0.6241707940191065,0.6856566526593917,1.712,5760.359,7396.153,18570.538,24.202,0
461,1067.7673123150887,11.439541728303748,0.7981313910133379,0.38004253882925965,0.6164759028780117,0.7006038941497743,1.659,5603.566,7176.157,18458.556,24.958,0
462,997.0446098372779,11.136603180473369,0.7984826866517344,0.37395394390787606,0.6115177380157308,0.724986566949935,1.632,5753.764,7280.261,17688.865,24.553,0
463,912.6353627342206,10.7731678377712,0.7984272902836752,0.37857155175291,0.615281684883363,0.7478607507625633,1.599,6060.075,7473.669,16822.86,23.928,0
464,1786.4348419008872,17.719250801282048,0.7194931144252371,0.31235865881708935,0.5588905606798967,0.7246464877256705,1.951,3260.219,4845.296,36231.264,36.863,0
465,1893.400687253452,18.410210182445763,0.7158275687186954,0.3048404415806995,0.5521235745561853,0.7148445132125815,1.968,3230.816,4824.455,36632.605,36.986,0
466,1883.2713880670615,18.33807938856016,0.714947715590109,0.30002148815531227,0.5477421730662267,0.7269483295541534,1.958,3289.794,4927.565,35296.209,36.208,0
467,1496.7906804733725,15.45833333333333,0.7400422476003107,0.33587180316315796,0.5795444790205131,0.6584326414828392,1.81,3641.0,5367.83,28498.476,33.279,0
468,1501.2525964620318,14.974721092209073,0.7549193290325983,0.35164016488947514,0.5929925504502356,0.6435574065011744,1.838,3866.418,5589.932,27875.864,31.903,0
469,1509.69282390286,14.792629746055226,0.7621518545593546,0.3592816320384682,0.5994010610922108,0.6358972993034169,1.871,4089.79,5785.426,27538.801,30.804,0
470,1472.2741771449703,14.698702539447732,0.7583860470637096,0.3642330650505092,0.6035172450315809,0.63766292188791,1.797,4132.737,5742.795,26466.28,31.114,0
471,1425.1761895956608,13.997133875739648,0.7729596529444154,0.37329081662331964,0.6109752995198084,0.6424985263410207,1.82,4454.968,6064.349,25228.539,29.401,0
472,1417.7288584812623,13.957778599605522,0.7750492473715214,0.3681900756458874,0.6067866805112712,0.6675741809612167,1.84,4561.911,6095.116,25694.314,29.274,0
473,1355.7806105152858,14.064064040927018,0.7626806636292177,0.3619743140352843,0.6016430121220426,0.6909398860855911,1.766,4369.185,5830.659,25452.668,30.642,0
474,1293.795950443787,13.683339497041421,0.7680497872240162,0.36487654497980265,0.604050117937082,0.7114890873658476,1.819,4490.379,5882.042,26265.848,30.31,0
475,1266.1635771079882,13.620446560650887,0.7675338888689351,0.3612733354572155,0.6010601762363029,0.7219390961767027,1.825,4597.884,5881.584,26582.443,30.317,0
476,1609.9702138806706,16.869283160749507,0.7156693431761213,0.2976061648750488,0.5455329182322995,0.7630910345719,1.793,2868.218,4898.456,31358.856,36.45,0
477,1601.2238812869823,16.96127650394477,0.7100203637216622,0.2967256292525059,0.544725278697901,0.7503858684644467,1.765,2816.199,4842.911,31196.755,36.949,0
478,1533.4252650394474,16.122072238658774,0.7231842810348741,0.3082363104962069,0.5551903371783473,0.7320618630674689,1.775,3038.884,5162.805,28958.898,34.625,0
479,1479.139993219921,15.384168515779091,0.7376627257582848,0.3111873863323533,0.5578417215773246,0.7268275956113943,1.759,3229.566,5460.058,26650.547,32.713,0
480,1494.6180273052269,15.517574272682445,0.7353307206468815,0.30928040922771644,0.556129849250799,0.7244856318033523,1.755,3232.339,5448.045,26708.565,32.804,0
481,1494.7556629068044,15.28920888806706,0.7420165402180817,0.3112177630829717,0.5578689479465332,0.7286961356778376,1.795,3290.722,5516.708,27021.086,32.325,0
482,1486.264715853057,15.268814718934909,0.7439161312872338,0.31335706121542195,0.5597830483458944,0.7279557873358177,1.8,3317.06,5533.114,27037.498,32.201,0
483,1443.1155078895463,15.127588757396449,0.7415698966985049,0.31753250071969286,0.5635002224664094,0.727325147793121,1.763,3278.747,5482.197,26427.634,32.523,0
484,1438.8198348126234,14.916358481262328,0.7491859232727868,0.33324330797525614,0.5772722996777657,0.7251770355171213,1.762,3428.618,5620.502,25633.866,31.694,0
485,1420.2222479043392,14.601470044378697,0.7579725622313309,0.3400023232266025,0.5830971816315035,0.7322783720188347,1.787,3665.784,5913.804,24720.007,30.14,0
486,1372.6394461908285,14.386687931459566,0.758797212467349,0.3420468422434284,0.5848477085903888,0.7449865650923866,1.79,3714.455,5943.617,24738.217,30.001,0
487,1373.623243343195,14.046381903353057,0.7679746149577886,0.356497153406116,0.5970738257586878,0.7515681952062281,1.785,4001.989,6206.466,23573.182,28.723,0
488,1333.900556274655,13.608319464990137,0.7772776649196518,0.3659028290206178,0.6048990238218424,0.7547632881986073,1.818,4248.241,6375.984,23772.413,27.984,0
489,1279.1871687006906,13.524616309171597,0.7725721653989337,0.3629462970850749,0.6024502444891818,0.7594834216344486,1.774,4298.292,6375.367,22927.092,28.012,0
490,1224.9209889669623,13.232610638560153,0.7735395288991714,0.3639055040548258,0.6032458073246972,0.7662788485096385,1.755,4380.816,6372.394,22547.335,28.023,0
491,1136.110569218442,12.85022959812623,0.7736988622401798,0.366525994936421,0.6054139038182234,0.7801417510312562,1.723,4551.521,6463.611,21778.094,27.624,0
492,1082.635085367357,12.473642443293885,0.7768496620454548,0.37496976823218603,0.6123477510632223,0.791827925768222,1.702,4701.165,6543.914,21153.695,27.257,0
493,1035.583610700197,12.143213757396449,0.7817617561084642,0.3881945871255104,0.6230526359189169,0.8023542641785876,1.7,4970.855,6647.49,20957.082,26.848,0
494,1006.274061575444,11.974952231262328,0.7828022098042199,0.3979958381826614,0.6308691133528899,0.8132089844157354,1.662,5148.156,6698.157,20255.637,26.653,0
495,1485.637627896943,16.207786304240635,0.7144985973963919,0.2732820696108934,0.5227638755794947,0.7469307939903139,1.85,3472.418,5537.794,28343.437,32.254,0
496,1489.7549771942804,16.25661057692308,0.7161633610989959,0.2746983656695454,0.5241167481292173,0.7290487994235296,1.862,3400.167,5410.276,29397.603,33.009,0
497,1561.6101916913215,16.538476947731755,0.7185384006732889,0.27673391666254077,0.5260550509809223,0.7194111371753787,1.895,3491.366,5438.275,30203.381,32.885,0
498,1646.5375369822484,16.962709566074953,0.7175083661624581,0.2790169973639687,0.5282205953614159,0.7026121863917164,1.916,3469.815,5358.509,31230.372,33.37,0
499,1689.8626032421103,17.191883937376726,0.7165527006851811,0.28255199351211174,0.5315561997682952,0.6881232650730341,1.88,3464.643,5307.837,30482.269,33.68,0
500,1763.0495639176531,17.546096831854044,0.7169153878659442,0.28934148374977736,0.537904716236786,0.6709230918009782,1.903,3456.661,5218.405,31740.372,34.239,0
501,1762.6345075197237,17.323086168639055,0.7230316781129197,0.2978498560897134,0.5457562240503662,0.6706888225185503,1.89,3662.08,5402.04,30273.984,33.093,0
502,1686.4369837894478,16.34654678254438,0.7446866223819024,0.3078288871113023,0.5548232935911237,0.6722435325647793,1.905,3983.354,5661.851,29365.244,31.598,0
503,1599.4357510478303,15.579781496548323,0.7525784500589537,0.31497712897719415,0.5612282325197069,0.6876255769334579,1.864,4269.931,5945.196,26787.894,30.058,0
504,1544.592848557692,15.457940396942796,0.7481775294235175,0.3196654775454697,0.5653896687643574,0.7075064886255107,1.843,4313.678,5932.062,26431.078,30.074,0
505,1515.067184418146,15.302884615384617,0.7496594888485084,0.32434552247014803,0.5695134085077788,0.7179260655029889,1.858,4501.291,6070.246,26093.276,29.396,0
506,1469.988889916173,15.16470968934911,0.7511016894614452,0.33420097108850005,0.5781011772073293,0.7166723091187418,1.834,4524.027,5985.322,26121.588,29.812,0
507,1460.8098264916175,15.15738258136095,0.7535667973091301,0.3665837454556259,0.6054615970114255,0.7227528604527227,1.803,4998.561,6114.644,25309.533,29.225,0
508,1395.6651796720907,14.4388637204142,0.7684972226344549,0.3801269867532344,0.6165443915511959,0.7271947152608391,1.796,5295.323,6274.677,24535.82,28.482,0
509,1356.0489552514791,14.820374137080869,0.7410280920030424,0.32579418063635407,0.5707838300410709,0.725995138968756,1.813,3569.433,5338.814,28637.827,33.354,0
510,1322.726732001972,14.609806459566073,0.7410269608681932,0.33475208313264426,0.5785776379472718,0.7219572945330696,1.786,3582.094,5341.014,27966.632,33.342,0
511,1316.2753944773176,14.401627218934912,0.7466738126558855,0.34094817337629696,0.5839076753873826,0.7193804577076279,1.784,3668.222,5415.699,27474.126,32.854,0
512,1288.7374722633133,14.035456730769228,0.7556798092079873,0.3495251451549763,0.5912065165024624,0.720334876840717,1.784,3897.27,5645.863,26390.885,31.556,0
513,1266.0419517381656,13.795326368343197,0.7589837467901729,0.3673248879064515,0.6060733354194453,0.7139307166963808,1.753,4069.465,5808.367,24919.723,30.701,0
514,1234.5127973989152,13.43961877465483,0.7668438005458258,0.374168040042866,0.6116927660540592,0.7193465253401605,1.761,4329.363,6049.04,24050.693,29.486,0
515,1251.9350422214006,13.52131872534517,0.7672774717654618,0.37753641604403304,0.6144399206139141,0.726684617370483,1.755,4490.945,6153.976,23620.739,29.011,0
516,1195.937553932446,13.487741925542409,0.7608198258095261,0.3757122431980867,0.6129537039598396,0.737003789880524,1.713,4495.605,6086.035,23075.263,29.308,0
517,1152.2163769723866,13.266364644970412,0.762917335403014,0.37418888208344847,0.6117098021802891,0.7451505268942659,1.725,4620.959,6123.56,23227.75,29.121,0
518,1090.744468071992,13.009723249506905,0.7640567098266637,0.38387170549602123,0.6195738095626874,0.7543806197326116,1.729,4784.342,6172.334,23223.656,28.881,0
519,1039.8105276134124,12.782174556213016,0.7647542493029664,0.39675745948783275,0.6298868624505775,0.7566175056523934,1.68,4855.882,6110.205,22828.84,29.22,0
520,1562.2716577292904,15.266064164201186,0.7570712182221762,0.3659864234240919,0.6049681176922399,0.7473939932250201,1.884,4255.321,5651.55,28985.897,31.618,0
521,1537.5782713880672,15.32434202416174,0.7510523849470153,0.35495541573769185,0.5957813489340631,0.7352074847332176,1.844,4268.265,5714.961,27803.255,31.318,0
522,1500.0640717455622,14.919902613412228,0.7598167744773394,0.3552659163776982,0.5960418746847391,0.7301349901079915,1.851,4364.867,5899.797,26778.979,30.309,0
523,1422.4466993343194,14.489937746548323,0.7614476851685743,0.3582467445789747,0.5985371705909122,0.7294696004770242,1.823,4386.351,5919.261,26201.819,30.255,0
524,1329.7035102317552,13.895355645956602,0.7642860034929082,0.35813063723804395,0.5984401701407117,0.7220783991124098,1.785,4416.488,5974.458,25067.957,29.952,0
525,1334.1662043885606,13.948687130177518,0.7655269316107636,0.35803782173082166,0.5983626172571459,0.7198012837202865,1.805,4475.769,6051.657,24940.868,29.515,0
526,1323.3657082100594,13.869005793885604,0.7663933004536084,0.3590656638823004,0.599220880712864,0.7182476336077508,1.785,4446.05,5983.817,24955.616,29.87,0
527,1322.8778815335306,13.81960367357002,0.7669259148180662,0.36432954068532625,0.6035971675590652,0.710890291535949,1.767,4495.984,5992.561,24594.436,29.856,0
528,1278.389477009369,13.201992418639058,0.780024849528864,0.3737499648924797,0.6113509343188082,0.7178353208767372,1.77,4839.531,6322.056,23325.866,28.317,0
529,1256.2177175788956,13.101809048323474,0.7794138856286446,0.37882156946837103,0.6154848247263055,0.7242408619197229,1.747,5007.052,6448.495,22448.867,27.84,0
530,1176.8313686513807,12.412960737179487,0.7862744662753165,0.38830690284592084,0.6231427628127609,0.7279032439120684,1.672,5370.095,6794.158,19970.629,26.432,0
531,1127.0789648052266,11.790611131656801,0.796950206842702,0.39173988870245463,0.6258912754644009,0.731475731349702,1.681,5823.231,7177.988,18818.29,24.965,0
532,1089.3325166420118,11.704712154832347,0.792076763850671,0.39193824775872443,0.6260497166828881,0.7334842706563219,1.638,5748.863,7030.654,18687.216,25.488,0
533,1022.6631995808677,11.443062746548323,0.7919855058787186,0.3983469460508968,0.6311473251554639,0.7336796627563488,1.594,5966.715,7140.812,17795.389,25.106,0
534,955.4062114768243,11.030672152366861,0.797947580853053,0.41112140275619447,0.6411874942294137,0.7459547085975349,1.6,6414.454,7477.241,16882.16,23.921,0
535,896.2561637080869,10.834072978303745,0.797293788196805,0.4190070455014735,0.647307535489487,0.7470180195247991,1.564,6488.607,7448.004,16687.342,24.022,0
536,809.4272143121302,10.429048015285998,0.7990314133343296,0.4321498908915109,0.6573810849815431,0.756998053323284,1.502,6805.98,7542.509,16058.473,23.749,0
